1,0.289,1312339139,user_group-2,0.209231,,{'list_objects': 0.20921492576599121}
2,0.291,1312339139,user_group-2,0.237523,,{'list_objects': 0.23751592636108398}
3,0.294,1312339139,user_group-2,0.246350,,{'list_objects': 0.24634313583374023}
4,0.296,1312339139,user_group-2,0.229311,,{'list_objects': 0.22930383682250977}
5,0.298,1312339139,user_group-2,0.279552,,{'list_objects': 0.27954292297363281}
6,0.299,1312339139,user_group-2,0.169297,,{'list_objects': 0.16929006576538086}
7,0.315,1312339139,user_group-2,0.214051,,{'list_objects': 0.21403789520263672}
8,0.347,1312339139,user_group-2,0.202698,,{'list_objects': 0.20268917083740234}
9,0.375,1312339139,user_group-2,0.184056,,{'list_objects': 0.18404603004455566}
10,0.475,1312339139,user_group-2,0.262200,,{'list_objects': 0.26218795776367188}
11,0.485,1312339139,user_group-2,0.164737,,{'list_objects': 0.16472816467285156}
12,0.494,1312339139,user_group-2,0.172979,,{'list_objects': 0.17297005653381348}
13,0.497,1312339139,user_group-2,0.176959,,{'list_objects': 0.17695093154907227}
14,0.503,1312339139,user_group-2,0.181095,,{'list_objects': 0.18108606338500977}
15,0.529,1312339139,user_group-2,0.182273,,{'list_objects': 0.18226408958435059}
16,0.533,1312339139,user_group-2,0.214057,,{'list_objects': 0.21404600143432617}
17,0.539,1312339139,user_group-2,0.219980,,{'list_objects': 0.21997189521789551}
18,0.546,1312339139,user_group-2,0.209825,,{'list_objects': 0.20981311798095703}
19,0.610,1312339139,user_group-2,0.234875,,{'list_objects': 0.23486518859863281}
20,0.708,1312339139,user_group-2,0.223222,,{'list_objects': 0.22321200370788574}
21,0.721,1312339139,user_group-2,0.223138,,{'list_objects': 0.2231290340423584}
22,0.728,1312339139,user_group-2,0.233990,,{'list_objects': 0.23398089408874512}
23,0.735,1312339139,user_group-2,0.201881,,{'list_objects': 0.20187282562255859}
24,0.738,1312339139,user_group-2,0.263257,,{'list_objects': 0.26324796676635742}
25,0.763,1312339139,user_group-2,0.260771,,{'list_objects': 0.26076197624206543}
26,0.779,1312339139,user_group-2,0.239842,,{'list_objects': 0.23983216285705566}
27,0.785,1312339139,user_group-2,0.256036,,{'list_objects': 0.25594782829284668}
28,0.821,1312339139,user_group-2,0.274478,,{'list_objects': 0.27446913719177246}
29,0.851,1312339139,user_group-2,0.240478,,{'list_objects': 0.24046897888183594}
30,0.942,1312339139,user_group-2,0.207427,,{'list_objects': 0.20741796493530273}
31,0.964,1312339139,user_group-2,0.225110,,{'list_objects': 0.22510218620300293}
32,0.979,1312339139,user_group-2,0.250504,,{'list_objects': 0.25042104721069336}
33,0.981,1312339139,user_group-2,0.272868,,{'list_objects': 0.27286005020141602}
34,0.984,1312339139,user_group-2,0.198166,,{'list_objects': 0.19815897941589355}
35,0.986,1312339139,user_group-2,0.206803,,{'list_objects': 0.20679616928100586}
36,0.988,1312339139,user_group-2,0.267408,,{'list_objects': 0.26740097999572754}
37,0.991,1312339139,user_group-2,0.227097,,{'list_objects': 0.22708988189697266}
38,1.043,1312339140,user_group-2,0.222004,,{'list_objects': 0.22199606895446777}
39,1.086,1312339140,user_group-2,0.235057,,{'list_objects': 0.2350461483001709}
40,1.146,1312339140,user_group-2,0.162138,,{'list_objects': 0.16213011741638184}
41,1.155,1312339140,user_group-2,0.176239,,{'list_objects': 0.17622900009155273}
42,1.162,1312339140,user_group-2,0.219697,,{'list_objects': 0.21968889236450195}
43,1.166,1312339140,user_group-2,0.179719,,{'list_objects': 0.17971205711364746}
44,1.169,1312339140,user_group-2,0.180858,,{'list_objects': 0.18085217475891113}
45,1.193,1312339140,user_group-2,0.211721,,{'list_objects': 0.21171212196350098}
46,1.204,1312339140,user_group-2,0.213817,,{'list_objects': 0.21380901336669922}
47,1.234,1312339140,user_group-2,0.257423,,{'list_objects': 0.25740385055541992}
48,1.306,1312339140,user_group-2,0.262353,,{'list_objects': 0.2623438835144043}
49,1.345,1312339140,user_group-2,0.258743,,{'list_objects': 0.25873303413391113}
50,1.362,1312339140,user_group-2,0.196770,,{'list_objects': 0.19676017761230469}
51,1.380,1312339140,user_group-2,0.224440,,{'list_objects': 0.22443008422851562}
52,1.383,1312339140,user_group-2,0.214169,,{'list_objects': 0.21415996551513672}
53,1.387,1312339140,user_group-2,0.240476,,{'list_objects': 0.24047017097473145}
54,1.401,1312339140,user_group-2,0.196196,,{'list_objects': 0.19618582725524902}
55,1.407,1312339140,user_group-2,0.244459,,{'list_objects': 0.24445009231567383}
56,1.417,1312339140,user_group-2,0.224497,,{'list_objects': 0.2244880199432373}
57,1.476,1312339140,user_group-2,0.242203,,{'list_objects': 0.24219298362731934}
58,1.574,1312339140,user_group-2,0.268613,,{'list_objects': 0.26860284805297852}
59,1.578,1312339140,user_group-2,0.191679,,{'list_objects': 0.19167208671569824}
60,1.581,1312339140,user_group-2,0.236270,,{'list_objects': 0.23626303672790527}
61,1.592,1312339140,user_group-2,0.229396,,{'list_objects': 0.2293858528137207}
62,1.609,1312339140,user_group-2,0.225446,,{'list_objects': 0.22543692588806152}
63,1.633,1312339140,user_group-2,0.231769,,{'list_objects': 0.23176002502441406}
64,1.636,1312339140,user_group-2,0.256041,,{'list_objects': 0.25603389739990234}
65,1.651,1312339140,user_group-2,0.243841,,{'list_objects': 0.24382901191711426}
66,1.666,1312339140,user_group-2,0.248630,,{'list_objects': 0.24862003326416016}
67,1.705,1312339140,user_group-2,0.228986,,{'list_objects': 0.22897601127624512}
68,1.797,1312339140,user_group-2,0.203823,,{'list_objects': 0.2038118839263916}
69,1.800,1312339140,user_group-2,0.163974,,{'list_objects': 0.16396689414978027}
70,1.803,1312339140,user_group-2,0.193899,,{'list_objects': 0.19382190704345703}
71,1.822,1312339140,user_group-2,0.170798,,{'list_objects': 0.17078900337219238}
72,1.826,1312339140,user_group-2,0.193248,,{'list_objects': 0.19324111938476562}
73,1.860,1312339140,user_group-2,0.278605,,{'list_objects': 0.27859401702880859}
74,1.874,1312339140,user_group-2,0.296056,,{'list_objects': 0.29604721069335938}
75,1.877,1312339140,user_group-2,0.302640,,{'list_objects': 0.30263304710388184}
76,1.897,1312339140,user_group-2,0.231055,,{'list_objects': 0.23104596138000488}
77,1.920,1312339140,user_group-2,0.215232,,{'list_objects': 0.21522092819213867}
78,2.027,1312339141,user_group-2,0.201163,,{'list_objects': 0.20115303993225098}
79,2.037,1312339141,user_group-2,0.233680,,{'list_objects': 0.23366999626159668}
80,2.043,1312339141,user_group-2,0.243268,,{'list_objects': 0.24325895309448242}
81,2.053,1312339141,user_group-2,0.256425,,{'list_objects': 0.25641584396362305}
82,2.059,1312339141,user_group-2,0.236832,,{'list_objects': 0.23682212829589844}
83,2.070,1312339141,user_group-2,0.192599,,{'list_objects': 0.19257092475891113}
84,2.095,1312339141,user_group-2,0.235284,,{'list_objects': 0.23527407646179199}
85,2.119,1312339141,user_group-2,0.244112,,{'list_objects': 0.24410319328308105}
86,2.162,1312339141,user_group-2,0.264251,,{'list_objects': 0.26424193382263184}
87,2.171,1312339141,user_group-2,0.250141,,{'list_objects': 0.25012993812561035}
88,2.279,1312339141,user_group-2,0.235178,,{'list_objects': 0.23514914512634277}
89,2.283,1312339141,user_group-2,0.224758,,{'list_objects': 0.22475004196166992}
90,2.292,1312339141,user_group-2,0.239299,,{'list_objects': 0.2392890453338623}
91,2.312,1312339141,user_group-2,0.216974,,{'list_objects': 0.2169640064239502}
92,2.316,1312339141,user_group-2,0.288197,,{'list_objects': 0.28819012641906738}
93,2.344,1312339141,user_group-2,0.274166,,{'list_objects': 0.27415800094604492}
94,2.349,1312339141,user_group-2,0.312211,,{'list_objects': 0.31220102310180664}
95,2.384,1312339141,user_group-2,0.264678,,{'list_objects': 0.26466894149780273}
96,2.400,1312339141,user_group-2,0.237545,,{'list_objects': 0.23745512962341309}
97,2.421,1312339141,user_group-2,0.249866,,{'list_objects': 0.24985694885253906}
98,2.489,1312339141,user_group-2,0.210057,,{'list_objects': 0.21004605293273926}
99,2.526,1312339141,user_group-2,0.213353,,{'list_objects': 0.21334505081176758}
100,2.529,1312339141,user_group-2,0.236400,,{'list_objects': 0.23639392852783203}
101,2.538,1312339141,user_group-2,0.222205,,{'list_objects': 0.22219705581665039}
102,2.543,1312339141,user_group-2,0.259782,,{'list_objects': 0.25977492332458496}
103,2.555,1312339141,user_group-2,0.205450,,{'list_objects': 0.20544099807739258}
104,2.577,1312339141,user_group-2,0.232682,,{'list_objects': 0.23267292976379395}
105,2.589,1312339141,user_group-2,0.205152,,{'list_objects': 0.20514082908630371}
106,2.632,1312339141,user_group-2,0.232780,,{'list_objects': 0.23277115821838379}
107,2.672,1312339141,user_group-2,0.250949,,{'list_objects': 0.25094103813171387}
108,2.733,1312339141,user_group-2,0.243909,,{'list_objects': 0.24389886856079102}
109,2.739,1312339141,user_group-2,0.210351,,{'list_objects': 0.21034383773803711}
110,2.750,1312339141,user_group-2,0.207020,,{'list_objects': 0.20695090293884277}
111,2.758,1312339141,user_group-2,0.231977,,{'list_objects': 0.23196697235107422}
112,2.769,1312339141,user_group-2,0.214287,,{'list_objects': 0.2142798900604248}
113,2.789,1312339141,user_group-2,0.250761,,{'list_objects': 0.25075101852416992}
114,2.839,1312339141,user_group-2,0.261706,,{'list_objects': 0.26169705390930176}
115,2.844,1312339141,user_group-2,0.254854,,{'list_objects': 0.25484704971313477}
116,2.872,1312339141,user_group-2,0.239841,,{'list_objects': 0.23983097076416016}
117,2.908,1312339141,user_group-2,0.236121,,{'list_objects': 0.23610997200012207}
118,2.963,1312339141,user_group-2,0.223958,,{'list_objects': 0.22394800186157227}
119,2.971,1312339141,user_group-2,0.202373,,{'list_objects': 0.20236492156982422}
120,2.975,1312339141,user_group-2,0.241586,,{'list_objects': 0.2415778636932373}
121,3.003,1312339142,user_group-2,0.252978,,{'list_objects': 0.25296902656555176}
122,3.014,1312339142,user_group-2,0.256245,,{'list_objects': 0.25623798370361328}
123,3.048,1312339142,user_group-2,0.259157,,{'list_objects': 0.25914716720581055}
124,3.057,1312339142,user_group-2,0.212650,,{'list_objects': 0.21264195442199707}
125,3.080,1312339142,user_group-2,0.241359,,{'list_objects': 0.2413489818572998}
126,3.118,1312339142,user_group-2,0.245582,,{'list_objects': 0.24557209014892578}
127,3.234,1312339142,user_group-2,0.325608,,{'list_objects': 0.32559800148010254}
128,3.243,1312339142,user_group-2,0.267914,,{'list_objects': 0.26790499687194824}
129,3.253,1312339142,user_group-2,0.289593,,{'list_objects': 0.28958320617675781}
130,3.318,1312339142,user_group-2,0.313962,,{'list_objects': 0.31395196914672852}
131,3.334,1312339142,user_group-2,0.304327,,{'list_objects': 0.30430984497070312}
132,3.338,1312339142,user_group-2,0.290306,,{'list_objects': 0.29022002220153809}
133,3.346,1312339142,user_group-2,0.266044,,{'list_objects': 0.26603603363037109}
134,3.351,1312339142,user_group-2,0.379715,,{'list_objects': 0.37970399856567383}
135,3.354,1312339142,user_group-2,0.297107,,{'list_objects': 0.29709982872009277}
136,3.490,1312339142,user_group-2,0.371113,,{'list_objects': 0.37110185623168945}
137,3.493,1312339142,user_group-2,0.250361,,{'list_objects': 0.25035285949707031}
138,3.510,1312339142,user_group-2,0.276525,,{'list_objects': 0.27651476860046387}
139,3.522,1312339142,user_group-2,0.183222,,{'list_objects': 0.1832129955291748}
140,3.532,1312339142,user_group-2,0.200820,,{'list_objects': 0.20080184936523438}
141,3.537,1312339142,user_group-2,0.203235,,{'list_objects': 0.20322704315185547}
142,3.542,1312339142,user_group-2,0.187573,,{'list_objects': 0.18756508827209473}
143,3.545,1312339142,user_group-2,0.292259,,{'list_objects': 0.2922518253326416}
144,3.555,1312339142,user_group-2,0.208220,,{'list_objects': 0.20821118354797363}
145,3.573,1312339142,user_group-2,0.221471,,{'list_objects': 0.22146081924438477}
146,3.727,1312339142,user_group-2,0.233705,,{'list_objects': 0.23369503021240234}
147,3.761,1312339142,user_group-2,0.250959,,{'list_objects': 0.25095009803771973}
148,3.763,1312339142,user_group-2,0.273257,,{'list_objects': 0.27325081825256348}
149,3.791,1312339142,user_group-2,0.248859,,{'list_objects': 0.2487940788269043}
150,3.798,1312339142,user_group-2,0.276482,,{'list_objects': 0.27646994590759277}
151,3.802,1312339142,user_group-2,0.269291,,{'list_objects': 0.26928305625915527}
152,3.805,1312339142,user_group-2,0.267536,,{'list_objects': 0.26752901077270508}
153,3.827,1312339142,user_group-2,0.271625,,{'list_objects': 0.27161502838134766}
154,3.875,1312339142,user_group-2,0.329061,,{'list_objects': 0.32905197143554688}
155,3.904,1312339142,user_group-2,0.331201,,{'list_objects': 0.33119106292724609}
156,4.199,1312339143,user_group-2,0.437047,,{'list_objects': 0.43703794479370117}
157,4.240,1312339143,user_group-2,0.448824,,{'list_objects': 0.44881510734558105}
158,4.243,1312339143,user_group-2,0.516073,,{'list_objects': 0.51606607437133789}
159,4.245,1312339143,user_group-2,0.443166,,{'list_objects': 0.4431610107421875}
160,4.246,1312339143,user_group-2,0.447202,,{'list_objects': 0.44719481468200684}
161,4.242,1312339143,user_group-2,0.478612,,{'list_objects': 0.4786078929901123}
162,4.236,1312339143,user_group-2,0.431195,,{'list_objects': 0.43118500709533691}
163,4.262,1312339143,user_group-2,0.435349,,{'list_objects': 0.43533921241760254}
164,4.303,1312339143,user_group-2,0.427945,,{'list_objects': 0.42793607711791992}
165,4.349,1312339143,user_group-2,0.445139,,{'list_objects': 0.4451298713684082}
166,4.497,1312339143,user_group-2,0.248136,,{'list_objects': 0.24812698364257812}
167,4.500,1312339143,user_group-2,0.249094,,{'list_objects': 0.2490849494934082}
168,4.565,1312339143,user_group-2,0.315777,,{'list_objects': 0.31576800346374512}
169,4.569,1312339143,user_group-2,0.321695,,{'list_objects': 0.32164287567138672}
170,4.570,1312339143,user_group-2,0.322931,,{'list_objects': 0.32292389869689941}
171,4.571,1312339143,user_group-2,0.325000,,{'list_objects': 0.32499194145202637}
172,4.574,1312339143,user_group-2,0.326119,,{'list_objects': 0.32610988616943359}
173,4.609,1312339143,user_group-2,0.312247,,{'list_objects': 0.31222987174987793}
174,4.646,1312339143,user_group-2,0.343610,,{'list_objects': 0.34359979629516602}
175,4.733,1312339143,user_group-2,0.383513,,{'list_objects': 0.38350391387939453}
176,4.829,1312339143,user_group-2,0.328165,,{'list_objects': 0.32815694808959961}
177,4.837,1312339143,user_group-2,0.268264,,{'list_objects': 0.26825499534606934}
178,4.849,1312339143,user_group-2,0.352106,,{'list_objects': 0.3520958423614502}
179,4.863,1312339143,user_group-2,0.292233,,{'list_objects': 0.29222512245178223}
180,4.867,1312339143,user_group-2,0.301551,,{'list_objects': 0.30154299736022949}
181,4.894,1312339143,user_group-2,0.319566,,{'list_objects': 0.31955885887145996}
182,4.912,1312339143,user_group-2,0.342128,,{'list_objects': 0.34212017059326172}
183,4.917,1312339143,user_group-2,0.307799,,{'list_objects': 0.30779004096984863}
184,4.656,1312339143,user_group-1,4.478105,,{'create': 4.4780910015106201}
185,4.972,1312339143,user_group-2,0.301572,,{'list_objects': 0.30155420303344727}
186,5.066,1312339144,user_group-2,0.301497,,{'list_objects': 0.30147814750671387}
187,5.090,1312339144,user_group-2,0.261433,,{'list_objects': 0.26142215728759766}
188,5.096,1312339144,user_group-2,0.259132,,{'list_objects': 0.25912189483642578}
189,5.110,1312339144,user_group-2,0.247042,,{'list_objects': 0.24703407287597656}
190,5.121,1312339144,user_group-2,0.271926,,{'list_objects': 0.27191615104675293}
191,5.151,1312339144,user_group-2,0.238388,,{'list_objects': 0.23837685585021973}
192,5.171,1312339144,user_group-2,0.303873,,{'list_objects': 0.3038630485534668}
193,5.190,1312339144,user_group-2,0.296294,,{'list_objects': 0.29628396034240723}
194,5.193,1312339144,user_group-2,0.276187,,{'list_objects': 0.27618098258972168}
195,4.945,1312339143,user_group-1,4.637760,,{'create': 4.637739896774292}
196,5.026,1312339144,user_group-1,3.095221,,{'create': 3.0952060222625732}
197,5.126,1312339144,user_group-1,5.109828,,{'create': 5.1098110675811768}
198,5.204,1312339144,user_group-1,5.136076,,{'create': 5.1360609531402588}
199,5.252,1312339144,user_group-2,0.279925,,{'list_objects': 0.27978801727294922}
200,5.302,1312339144,user_group-2,0.211365,,{'list_objects': 0.21135616302490234}
201,5.205,1312339144,user_group-1,5.082491,,{'create': 5.0824830532073975}
202,5.207,1312339144,user_group-1,4.155433,,{'create': 4.1554210186004639}
203,5.211,1312339144,user_group-1,4.636825,,{'create': 4.6368169784545898}
204,5.216,1312339144,user_group-1,5.175092,,{'create': 5.1750781536102295}
205,5.267,1312339144,user_group-1,2.143340,,{'create': 2.1433289051055908}
206,5.403,1312339144,user_group-2,0.306282,,{'list_objects': 0.30627202987670898}
207,5.426,1312339144,user_group-2,0.305346,,{'list_objects': 0.30533504486083984}
208,5.428,1312339144,user_group-2,0.362598,,{'list_objects': 0.36259007453918457}
209,5.429,1312339144,user_group-2,0.318571,,{'list_objects': 0.31849503517150879}
210,5.435,1312339144,user_group-2,0.283684,,{'list_objects': 0.28360390663146973}
211,5.438,1312339144,user_group-2,0.244909,,{'list_objects': 0.24490189552307129}
212,5.448,1312339144,user_group-2,0.257903,,{'list_objects': 0.25789308547973633}
213,5.451,1312339144,user_group-2,0.280470,,{'list_objects': 0.28046178817749023}
214,5.642,1312339144,user_group-2,0.390676,,{'list_objects': 0.39066600799560547}
215,5.677,1312339144,user_group-2,0.374874,,{'list_objects': 0.37486600875854492}
216,5.724,1312339144,user_group-2,0.296015,,{'list_objects': 0.29600811004638672}
217,5.735,1312339144,user_group-2,0.299871,,{'list_objects': 0.29986214637756348}
218,5.737,1312339144,user_group-2,0.334078,,{'list_objects': 0.33407187461853027}
219,5.738,1312339144,user_group-2,0.299726,,{'list_objects': 0.29972100257873535}
220,5.802,1312339144,user_group-2,0.372545,,{'list_objects': 0.37253594398498535}
221,5.812,1312339144,user_group-2,0.360483,,{'list_objects': 0.3604729175567627}
222,5.817,1312339144,user_group-2,0.368661,,{'list_objects': 0.36865401268005371}
223,5.856,1312339144,user_group-2,0.429176,,{'list_objects': 0.4291679859161377}
224,6.023,1312339145,user_group-2,0.349224,,{'list_objects': 0.34920382499694824}
225,6.051,1312339145,user_group-2,0.314405,,{'list_objects': 0.31439495086669922}
226,6.054,1312339145,user_group-2,0.238942,,{'list_objects': 0.23892903327941895}
227,6.035,1312339145,user_group-2,0.304934,,{'list_objects': 0.30491995811462402}
228,6.067,1312339145,user_group-2,0.390246,,{'list_objects': 0.39023804664611816}
229,6.086,1312339145,user_group-2,0.283768,,{'list_objects': 0.28375983238220215}
230,6.088,1312339145,user_group-2,0.349519,,{'list_objects': 0.34947395324707031}
231,6.102,1312339145,user_group-2,0.366668,,{'list_objects': 0.36665701866149902}
232,6.223,1312339145,user_group-2,0.406421,,{'list_objects': 0.40641307830810547}
233,6.321,1312339145,user_group-2,0.463911,,{'list_objects': 0.46390008926391602}
234,6.389,1312339145,user_group-2,0.337675,,{'list_objects': 0.33766388893127441}
235,6.395,1312339145,user_group-2,0.365001,,{'list_objects': 0.36498594284057617}
236,6.397,1312339145,user_group-2,0.343605,,{'list_objects': 0.34360003471374512}
237,6.399,1312339145,user_group-2,0.310861,,{'list_objects': 0.31085586547851562}
238,6.405,1312339145,user_group-1,1.199658,,{'create': 1.1996481418609619}
239,6.423,1312339145,user_group-2,0.340450,,{'list_objects': 0.34043002128601074}
240,6.427,1312339145,user_group-2,0.372097,,{'list_objects': 0.37209010124206543}
241,6.455,1312339145,user_group-2,0.369061,,{'list_objects': 0.36905193328857422}
242,6.477,1312339145,user_group-2,0.347395,,{'list_objects': 0.34737682342529297}
243,6.505,1312339145,user_group-1,1.812977,,{'create': 1.8129642009735107}
244,6.592,1312339145,user_group-1,1.566571,,{'create': 1.5665619373321533}
245,6.600,1312339145,user_group-2,0.358967,,{'list_objects': 0.35895085334777832}
246,6.669,1312339145,user_group-2,0.347142,,{'list_objects': 0.34711289405822754}
247,6.716,1312339145,user_group-2,0.292533,,{'list_objects': 0.29252481460571289}
248,6.717,1312339145,user_group-2,0.321698,,{'list_objects': 0.32169103622436523}
249,6.718,1312339145,user_group-2,0.321000,,{'list_objects': 0.32099509239196777}
250,6.730,1312339145,user_group-1,1.518684,,{'create': 1.5186729431152344}
251,6.737,1312339145,user_group-1,1.791170,,{'create': 1.7911629676818848}
252,6.754,1312339145,user_group-1,1.538482,,{'create': 1.5384731292724609}
253,6.772,1312339145,user_group-2,0.345346,,{'list_objects': 0.34529519081115723}
254,6.799,1312339145,user_group-2,0.309580,,{'list_objects': 0.30956220626831055}
255,6.802,1312339145,user_group-2,0.347277,,{'list_objects': 0.34727001190185547}
256,6.805,1312339145,user_group-2,0.406231,,{'list_objects': 0.40622711181640625}
257,6.883,1312339145,user_group-2,0.493259,,{'list_objects': 0.49324798583984375}
258,6.893,1312339145,user_group-1,1.689494,,{'create': 1.6894831657409668}
259,6.940,1312339145,user_group-2,0.339931,,{'list_objects': 0.33992099761962891}
260,7.035,1312339146,user_group-2,0.325178,,{'list_objects': 0.32516098022460938}
261,7.036,1312339146,user_group-2,0.318099,,{'list_objects': 0.31805586814880371}
262,7.045,1312339146,user_group-2,0.327672,,{'list_objects': 0.32766389846801758}
263,7.056,1312339146,user_group-2,0.253414,,{'list_objects': 0.25340580940246582}
264,7.081,1312339146,user_group-2,0.365124,,{'list_objects': 0.3651130199432373}
265,7.089,1312339146,user_group-2,0.289044,,{'list_objects': 0.28903508186340332}
266,7.094,1312339146,user_group-2,0.289349,,{'list_objects': 0.28934097290039062}
267,7.100,1312339146,user_group-2,0.303473,,{'list_objects': 0.30345392227172852}
268,7.163,1312339146,user_group-2,0.279872,,{'list_objects': 0.27976393699645996}
269,6.980,1312339145,user_group-1,1.713128,,{'create': 1.7131140232086182}
270,6.990,1312339145,user_group-1,1.782974,,{'create': 1.782966136932373}
271,7.016,1312339146,user_group-1,1.890353,,{'create': 1.8903429508209229}
272,7.282,1312339146,user_group-2,0.341389,,{'list_objects': 0.34137892723083496}
273,7.386,1312339146,user_group-2,0.285209,,{'list_objects': 0.28520011901855469}
274,7.388,1312339146,user_group-2,0.331786,,{'list_objects': 0.33177804946899414}
275,7.394,1312339146,user_group-2,0.299887,,{'list_objects': 0.29987716674804688}
276,7.397,1312339146,user_group-2,0.361747,,{'list_objects': 0.3617401123046875}
277,7.398,1312339146,user_group-2,0.316943,,{'list_objects': 0.31693720817565918}
278,7.400,1312339146,user_group-2,0.363656,,{'list_objects': 0.36365103721618652}
279,7.446,1312339146,user_group-2,0.400707,,{'list_objects': 0.4006960391998291}
280,7.462,1312339146,user_group-2,0.373284,,{'list_objects': 0.3732759952545166}
281,7.515,1312339146,user_group-2,0.352603,,{'list_objects': 0.35259199142456055}
282,7.706,1312339146,user_group-2,0.418269,,{'list_objects': 0.41825389862060547}
283,7.739,1312339146,user_group-2,0.350824,,{'list_objects': 0.3508141040802002}
284,7.759,1312339146,user_group-2,0.358616,,{'list_objects': 0.35860991477966309}
285,7.763,1312339146,user_group-2,0.368447,,{'list_objects': 0.36844182014465332}
286,7.764,1312339146,user_group-2,0.365144,,{'list_objects': 0.36513686180114746}
287,7.766,1312339146,user_group-2,0.303008,,{'list_objects': 0.30300307273864746}
288,7.787,1312339146,user_group-2,0.389809,,{'list_objects': 0.38979983329772949}
289,7.816,1312339146,user_group-2,0.430680,,{'list_objects': 0.43067216873168945}
290,7.818,1312339146,user_group-2,0.358487,,{'list_objects': 0.35320091247558594}
291,8.079,1312339147,user_group-2,0.316741,,{'list_objects': 0.31673312187194824}
292,8.081,1312339147,user_group-2,0.325542,,{'list_objects': 0.32552504539489746}
293,8.084,1312339147,user_group-2,0.558475,,{'list_objects': 0.5584568977355957}
294,8.107,1312339147,user_group-2,0.396523,,{'list_objects': 0.3964078426361084}
295,8.130,1312339147,user_group-2,0.366044,,{'list_objects': 0.36603593826293945}
296,8.157,1312339147,user_group-2,0.344043,,{'list_objects': 0.34402585029602051}
297,8.160,1312339147,user_group-2,0.394012,,{'list_objects': 0.39400506019592285}
298,8.162,1312339147,user_group-2,0.345046,,{'list_objects': 0.34504008293151855}
299,8.163,1312339147,user_group-2,0.404008,,{'list_objects': 0.40400195121765137}
300,8.268,1312339147,user_group-2,0.449590,,{'list_objects': 0.44958090782165527}
301,8.173,1312339147,user_group-1,1.667756,,{'create': 1.6677429676055908}
302,8.413,1312339147,user_group-2,0.325724,,{'list_objects': 0.32571196556091309}
303,8.441,1312339147,user_group-2,0.361818,,{'list_objects': 0.36180901527404785}
304,8.444,1312339147,user_group-2,0.335972,,{'list_objects': 0.33596420288085938}
305,8.446,1312339147,user_group-2,0.284659,,{'list_objects': 0.28465509414672852}
306,8.449,1312339147,user_group-2,0.291840,,{'list_objects': 0.29183506965637207}
307,8.451,1312339147,user_group-2,0.287921,,{'list_objects': 0.28791499137878418}
308,8.453,1312339147,user_group-2,0.300456,,{'list_objects': 0.30044412612915039}
309,8.456,1312339147,user_group-2,0.374921,,{'list_objects': 0.37491703033447266}
310,8.458,1312339147,user_group-2,0.298381,,{'list_objects': 0.29837393760681152}
311,8.562,1312339147,user_group-2,0.293501,,{'list_objects': 0.29349422454833984}
312,8.383,1312339147,user_group-1,1.652776,,{'create': 1.6527650356292725}
313,8.484,1312339147,user_group-1,1.590423,,{'create': 1.5904128551483154}
314,8.594,1312339147,user_group-1,1.613846,,{'create': 1.6138339042663574}
315,8.596,1312339147,user_group-1,1.859057,,{'create': 1.859050989151001}
316,8.647,1312339147,user_group-2,0.198319,,{'list_objects': 0.19830989837646484}
317,8.652,1312339147,user_group-2,0.199045,,{'list_objects': 0.1990358829498291}
318,8.659,1312339147,user_group-2,0.208128,,{'list_objects': 0.20812010765075684}
319,8.663,1312339147,user_group-2,0.204711,,{'list_objects': 0.20470404624938965}
320,8.681,1312339147,user_group-2,0.224644,,{'list_objects': 0.22463607788085938}
321,8.685,1312339147,user_group-2,0.240656,,{'list_objects': 0.24064803123474121}
322,8.696,1312339147,user_group-2,0.249270,,{'list_objects': 0.24926090240478516}
323,8.723,1312339147,user_group-2,0.281351,,{'list_objects': 0.28134298324584961}
324,8.742,1312339147,user_group-2,0.302991,,{'list_objects': 0.30296802520751953}
325,8.838,1312339147,user_group-2,0.153511,,{'list_objects': 0.15350103378295898}
326,8.848,1312339147,user_group-2,0.286135,,{'list_objects': 0.28612112998962402}
327,8.859,1312339147,user_group-2,0.206135,,{'list_objects': 0.20587015151977539}
328,8.867,1312339147,user_group-2,0.207490,,{'list_objects': 0.20748114585876465}
329,8.878,1312339147,user_group-2,0.182594,,{'list_objects': 0.18258309364318848}
330,8.884,1312339147,user_group-2,0.236462,,{'list_objects': 0.23645305633544922}
331,8.889,1312339147,user_group-2,0.208009,,{'list_objects': 0.20800018310546875}
332,8.899,1312339147,user_group-2,0.235708,,{'list_objects': 0.23569893836975098}
333,8.925,1312339147,user_group-2,0.201949,,{'list_objects': 0.20193982124328613}
334,8.960,1312339147,user_group-2,0.217658,,{'list_objects': 0.21764683723449707}
335,9.057,1312339148,user_group-2,0.167691,,{'list_objects': 0.16768097877502441}
336,9.062,1312339148,user_group-2,0.223500,,{'list_objects': 0.22349214553833008}
337,9.067,1312339148,user_group-2,0.200099,,{'list_objects': 0.20008993148803711}
338,9.082,1312339148,user_group-2,0.203591,,{'list_objects': 0.20358109474182129}
339,9.086,1312339148,user_group-2,0.237503,,{'list_objects': 0.23749613761901855}
340,9.093,1312339148,user_group-2,0.234284,,{'list_objects': 0.23427486419677734}
341,9.107,1312339148,user_group-2,0.222795,,{'list_objects': 0.22272205352783203}
342,9.124,1312339148,user_group-2,0.225723,,{'list_objects': 0.22571396827697754}
343,8.599,1312339147,user_group-1,2.194043,,{'create': 2.1940348148345947}
344,8.811,1312339147,user_group-1,2.056613,,{'create': 2.0566010475158691}
345,8.814,1312339147,user_group-1,1.824019,,{'create': 1.8240129947662354}
346,9.010,1312339148,user_group-1,2.417161,,{'create': 2.4171528816223145}
347,9.014,1312339148,user_group-1,1.997778,,{'create': 1.9977719783782959}
348,9.203,1312339148,user_group-2,0.277750,,{'list_objects': 0.2777400016784668}
349,9.273,1312339148,user_group-2,0.312927,,{'list_objects': 0.31291794776916504}
350,9.346,1312339148,user_group-2,0.260637,,{'list_objects': 0.26062798500061035}
351,9.351,1312339148,user_group-2,0.294245,,{'list_objects': 0.29411101341247559}
352,9.474,1312339148,user_group-2,0.391491,,{'list_objects': 0.39148092269897461}
353,9.476,1312339148,user_group-2,0.382460,,{'list_objects': 0.38245296478271484}
354,9.492,1312339148,user_group-2,0.384578,,{'list_objects': 0.3845679759979248}
355,9.532,1312339148,user_group-2,0.407341,,{'list_objects': 0.40733098983764648}
356,9.534,1312339148,user_group-2,0.466587,,{'list_objects': 0.46658110618591309}
357,9.535,1312339148,user_group-2,0.472728,,{'list_objects': 0.47272109985351562}
358,9.633,1312339148,user_group-2,0.430201,,{'list_objects': 0.4301910400390625}
359,9.660,1312339148,user_group-2,0.387396,,{'list_objects': 0.38739013671875}
360,9.658,1312339148,user_group-2,0.307111,,{'list_objects': 0.30710196495056152}
361,9.755,1312339148,user_group-2,0.408386,,{'list_objects': 0.40837502479553223}
362,9.785,1312339148,user_group-2,0.311360,,{'list_objects': 0.31135106086730957}
363,9.892,1312339148,user_group-2,0.358407,,{'list_objects': 0.3583979606628418}
364,9.916,1312339148,user_group-2,0.381654,,{'list_objects': 0.38160610198974609}
365,9.920,1312339148,user_group-2,0.258647,,{'list_objects': 0.25864195823669434}
366,9.924,1312339148,user_group-2,0.391372,,{'list_objects': 0.39136409759521484}
367,9.922,1312339148,user_group-2,0.446175,,{'list_objects': 0.44616913795471191}
368,9.926,1312339148,user_group-2,0.397867,,{'list_objects': 0.39785289764404297}
369,10.003,1312339149,user_group-2,0.342515,,{'list_objects': 0.34250521659851074}
370,10.019,1312339149,user_group-2,0.356474,,{'list_objects': 0.35646390914916992}
371,10.138,1312339149,user_group-1,1.538714,,{'create': 1.5387017726898193}
372,10.177,1312339149,user_group-2,0.391315,,{'list_objects': 0.39130210876464844}
373,10.222,1312339149,user_group-2,0.302253,,{'list_objects': 0.30224704742431641}
374,10.224,1312339149,user_group-2,0.297924,,{'list_objects': 0.29791712760925293}
375,10.226,1312339149,user_group-2,0.435490,,{'list_objects': 0.43548107147216797}
376,10.228,1312339149,user_group-2,0.303315,,{'list_objects': 0.30330896377563477}
377,10.231,1312339149,user_group-2,0.307200,,{'list_objects': 0.30717802047729492}
378,10.301,1312339149,user_group-2,0.387512,,{'list_objects': 0.38749217987060547}
379,10.314,1312339149,user_group-2,0.397776,,{'list_objects': 0.39776492118835449}
380,10.335,1312339149,user_group-2,0.315879,,{'list_objects': 0.31587004661560059}
381,10.252,1312339149,user_group-1,1.768453,,{'create': 1.7684450149536133}
382,10.441,1312339149,user_group-1,1.846655,,{'create': 1.8466448783874512}
383,10.447,1312339149,user_group-1,2.273872,,{'create': 2.2738659381866455}
384,10.449,1312339149,user_group-1,1.852901,,{'create': 1.852895975112915}
385,10.451,1312339149,user_group-1,1.636087,,{'create': 1.6360819339752197}
386,10.460,1312339149,user_group-1,1.446309,,{'create': 1.4463019371032715}
387,10.493,1312339149,user_group-2,0.489344,,{'list_objects': 0.48933506011962891}
388,10.535,1312339149,user_group-2,0.307224,,{'list_objects': 0.30721497535705566}
389,10.542,1312339149,user_group-2,0.319730,,{'list_objects': 0.31972312927246094}
390,10.546,1312339149,user_group-2,0.314916,,{'list_objects': 0.31490802764892578}
391,10.549,1312339149,user_group-2,0.325137,,{'list_objects': 0.32513093948364258}
392,10.569,1312339149,user_group-1,1.757357,,{'create': 1.7573461532592773}
393,10.588,1312339149,user_group-2,0.370894,,{'list_objects': 0.37087488174438477}
394,10.600,1312339149,user_group-2,0.373690,,{'list_objects': 0.37368297576904297}
395,10.648,1312339149,user_group-2,0.333305,,{'list_objects': 0.3332970142364502}
396,10.654,1312339149,user_group-2,0.352418,,{'list_objects': 0.35240983963012695}
397,10.657,1312339149,user_group-2,0.322360,,{'list_objects': 0.32235407829284668}
398,10.626,1312339149,user_group-1,2.243510,,{'create': 2.2435011863708496}
399,10.674,1312339149,user_group-1,1.664094,,{'create': 1.6640841960906982}
400,10.784,1312339149,user_group-2,0.234409,,{'list_objects': 0.23440003395080566}
401,10.796,1312339149,user_group-2,0.250179,,{'list_objects': 0.25016903877258301}
402,10.822,1312339149,user_group-2,0.328991,,{'list_objects': 0.32898092269897461}
403,10.869,1312339149,user_group-2,0.326695,,{'list_objects': 0.32668495178222656}
404,10.889,1312339149,user_group-2,0.288523,,{'list_objects': 0.28851413726806641}
405,10.892,1312339149,user_group-2,0.356411,,{'list_objects': 0.35640311241149902}
406,10.893,1312339149,user_group-2,0.239265,,{'list_objects': 0.2392570972442627}
407,10.895,1312339149,user_group-2,0.237883,,{'list_objects': 0.23787689208984375}
408,10.896,1312339149,user_group-2,0.248177,,{'list_objects': 0.24817013740539551}
409,10.908,1312339149,user_group-2,0.306056,,{'list_objects': 0.3060450553894043}
410,11.227,1312339150,user_group-2,0.405016,,{'list_objects': 0.40500402450561523}
411,11.264,1312339150,user_group-2,0.370299,,{'list_objects': 0.37029099464416504}
412,11.266,1312339150,user_group-2,0.374247,,{'list_objects': 0.37423992156982422}
413,11.269,1312339150,user_group-2,0.478356,,{'list_objects': 0.47834014892578125}
414,11.365,1312339150,user_group-2,0.457513,,{'list_objects': 0.4575049877166748}
415,11.385,1312339150,user_group-2,0.549230,,{'list_objects': 0.54921507835388184}
416,11.413,1312339150,user_group-2,0.529497,,{'list_objects': 0.52947497367858887}
417,11.441,1312339150,user_group-2,0.552566,,{'list_objects': 0.55255794525146484}
418,11.478,1312339150,user_group-2,0.582064,,{'list_objects': 0.58205509185791016}
419,11.506,1312339150,user_group-2,0.610941,,{'list_objects': 0.6109321117401123}
420,11.627,1312339150,user_group-2,0.363376,,{'list_objects': 0.36336684226989746}
421,11.634,1312339150,user_group-2,0.372481,,{'list_objects': 0.37246108055114746}
422,11.639,1312339150,user_group-2,0.370751,,{'list_objects': 0.37074398994445801}
423,11.642,1312339150,user_group-2,0.376289,,{'list_objects': 0.37628388404846191}
424,11.653,1312339150,user_group-2,0.267271,,{'list_objects': 0.26726007461547852}
425,11.707,1312339150,user_group-2,0.320729,,{'list_objects': 0.32071709632873535}
426,11.863,1312339150,user_group-2,0.442143,,{'list_objects': 0.44212508201599121}
427,11.870,1312339150,user_group-2,0.363724,,{'list_objects': 0.36371588706970215}
428,11.878,1312339150,user_group-2,0.436803,,{'list_objects': 0.43679404258728027}
429,11.929,1312339150,user_group-2,0.286143,,{'list_objects': 0.2861330509185791}
430,11.943,1312339150,user_group-2,0.309554,,{'list_objects': 0.30954194068908691}
431,11.951,1312339150,user_group-2,0.323545,,{'list_objects': 0.32353401184082031}
432,11.956,1312339150,user_group-2,0.316871,,{'list_objects': 0.31686091423034668}
433,11.995,1312339150,user_group-2,0.511341,,{'list_objects': 0.51132702827453613}
434,12.011,1312339151,user_group-2,0.358148,,{'list_objects': 0.35813617706298828}
435,11.913,1312339150,user_group-1,1.238879,,{'create': 1.238865852355957}
436,12.114,1312339151,user_group-2,0.406822,,{'list_objects': 0.40679502487182617}
437,12.166,1312339151,user_group-2,0.295899,,{'list_objects': 0.29588913917541504}
438,12.175,1312339151,user_group-2,0.311864,,{'list_objects': 0.31185507774353027}
439,12.198,1312339151,user_group-2,0.320032,,{'list_objects': 0.3200230598449707}
440,12.243,1312339151,user_group-2,0.299904,,{'list_objects': 0.29982590675354004}
441,12.255,1312339151,user_group-2,0.326361,,{'list_objects': 0.32635402679443359}
442,12.257,1312339151,user_group-2,0.300715,,{'list_objects': 0.30071020126342773}
443,12.259,1312339151,user_group-2,0.307583,,{'list_objects': 0.30757689476013184}
444,12.093,1312339151,user_group-1,1.840029,,{'create': 1.8400189876556396}
445,12.096,1312339151,user_group-1,1.958093,,{'create': 1.9580881595611572}
446,12.182,1312339151,user_group-1,1.555494,,{'create': 1.55548095703125}
447,12.186,1312339151,user_group-1,1.735079,,{'create': 1.7350738048553467}
448,12.188,1312339151,user_group-1,1.746842,,{'create': 1.7468359470367432}
449,12.189,1312339151,user_group-1,1.740793,,{'create': 1.7407879829406738}
450,12.288,1312339151,user_group-1,1.841158,,{'create': 1.8411478996276855}
451,12.290,1312339151,user_group-1,1.829113,,{'create': 1.8291079998016357}
452,12.312,1312339151,user_group-2,0.301120,,{'list_objects': 0.30111098289489746}
453,12.334,1312339151,user_group-2,0.337358,,{'list_objects': 0.33734512329101562}
454,12.406,1312339151,user_group-2,0.238641,,{'list_objects': 0.23859000205993652}
455,12.413,1312339151,user_group-2,0.237969,,{'list_objects': 0.2379608154296875}
456,12.436,1312339151,user_group-2,0.180890,,{'list_objects': 0.18088102340698242}
457,12.348,1312339151,user_group-1,1.779240,,{'create': 1.7791941165924072}
458,12.503,1312339151,user_group-2,0.337081,,{'list_objects': 0.33707094192504883}
459,12.511,1312339151,user_group-2,0.253989,,{'list_objects': 0.25397992134094238}
460,12.518,1312339151,user_group-2,0.319252,,{'list_objects': 0.31924104690551758}
461,12.586,1312339151,user_group-2,0.334293,,{'list_objects': 0.33427596092224121}
462,12.613,1312339151,user_group-2,0.354623,,{'list_objects': 0.35461592674255371}
463,12.685,1312339151,user_group-2,0.351165,,{'list_objects': 0.35115504264831543}
464,12.804,1312339151,user_group-2,0.491776,,{'list_objects': 0.49176597595214844}
465,12.819,1312339151,user_group-2,0.413531,,{'list_objects': 0.41352391242980957}
466,12.863,1312339151,user_group-2,0.426339,,{'list_objects': 0.42632913589477539}
467,12.909,1312339151,user_group-2,0.390955,,{'list_objects': 0.39094781875610352}
468,12.933,1312339151,user_group-2,0.520076,,{'list_objects': 0.5200660228729248}
469,12.963,1312339151,user_group-2,0.459327,,{'list_objects': 0.459320068359375}
470,12.964,1312339151,user_group-2,0.453127,,{'list_objects': 0.45312094688415527}
471,12.976,1312339151,user_group-2,0.362350,,{'list_objects': 0.36234211921691895}
472,12.994,1312339151,user_group-2,0.383849,,{'list_objects': 0.36371612548828125}
473,13.129,1312339152,user_group-2,0.444092,,{'list_objects': 0.44408202171325684}
474,13.213,1312339152,user_group-2,0.248641,,{'list_objects': 0.24863314628601074}
475,13.216,1312339152,user_group-2,0.399079,,{'list_objects': 0.39325404167175293}
476,13.220,1312339152,user_group-2,0.312989,,{'list_objects': 0.31297087669372559}
477,13.225,1312339152,user_group-2,0.266086,,{'list_objects': 0.2660670280456543}
478,13.257,1312339152,user_group-2,0.437075,,{'list_objects': 0.43706703186035156}
479,13.278,1312339152,user_group-2,0.283651,,{'list_objects': 0.28364300727844238}
480,13.280,1312339152,user_group-2,0.317359,,{'list_objects': 0.31735396385192871}
481,13.289,1312339152,user_group-2,0.379656,,{'list_objects': 0.37964606285095215}
482,13.465,1312339152,user_group-2,0.473123,,{'list_objects': 0.47310400009155273}
483,13.544,1312339152,user_group-2,0.264061,,{'list_objects': 0.26405692100524902}
484,13.546,1312339152,user_group-2,0.329885,,{'list_objects': 0.32987809181213379}
485,13.548,1312339152,user_group-2,0.334823,,{'list_objects': 0.33481597900390625}
486,13.542,1312339152,user_group-2,0.317071,,{'list_objects': 0.3170630931854248}
487,13.470,1312339152,user_group-1,1.557086,,{'create': 1.5570740699768066}
488,13.681,1312339152,user_group-1,1.495642,,{'create': 1.4956309795379639}
489,13.685,1312339152,user_group-1,1.588589,,{'create': 1.5885658264160156}
490,13.786,1312339152,user_group-1,1.497649,,{'create': 1.4976398944854736}
491,13.802,1312339152,user_group-1,1.454232,,{'create': 1.4542191028594971}
492,13.833,1312339152,user_group-1,1.543449,,{'create': 1.5434370040893555}
493,13.835,1312339152,user_group-1,1.645094,,{'create': 1.6450879573822021}
494,13.840,1312339152,user_group-1,1.747602,,{'create': 1.7475960254669189}
495,13.851,1312339152,user_group-1,1.662861,,{'create': 1.6628530025482178}
496,13.873,1312339152,user_group-1,1.690433,,{'create': 1.6904239654541016}
497,14.398,1312339153,user_group-2,0.848094,,{'list_objects': 0.84808492660522461}
498,14.406,1312339153,user_group-2,1.186337,,{'list_objects': 1.1863291263580322}
499,14.407,1312339153,user_group-2,1.129161,,{'list_objects': 1.1291549205780029}
500,14.408,1312339153,user_group-2,0.852343,,{'list_objects': 0.85233092308044434}
501,14.410,1312339153,user_group-2,1.134562,,{'list_objects': 1.1345498561859131}
502,14.411,1312339153,user_group-2,0.863081,,{'list_objects': 0.86307191848754883}
503,14.412,1312339153,user_group-2,0.861762,,{'list_objects': 0.8617558479309082}
504,14.413,1312339153,user_group-2,0.864101,,{'list_objects': 0.86409187316894531}
505,14.400,1312339153,user_group-2,1.110720,,{'list_objects': 1.110713005065918}
506,14.489,1312339153,user_group-2,1.337668,,{'list_objects': 1.3376531600952148}
507,14.863,1312339153,user_group-2,0.450891,,{'list_objects': 0.45088315010070801}
508,14.896,1312339153,user_group-2,0.488103,,{'list_objects': 0.48809504508972168}
509,14.898,1312339153,user_group-2,0.500013,,{'list_objects': 0.50000500679016113}
510,14.902,1312339153,user_group-2,0.495586,,{'list_objects': 0.49557995796203613}
511,14.909,1312339153,user_group-2,0.491580,,{'list_objects': 0.49157190322875977}
512,14.904,1312339153,user_group-2,0.490433,,{'list_objects': 0.49042701721191406}
513,14.908,1312339153,user_group-2,0.497206,,{'list_objects': 0.49720096588134766}
514,14.906,1312339153,user_group-2,0.494361,,{'list_objects': 0.49435520172119141}
515,14.976,1312339153,user_group-1,1.190724,,{'create': 1.1907110214233398}
516,14.968,1312339153,user_group-2,0.559233,,{'list_objects': 0.55922508239746094}
517,14.993,1312339153,user_group-2,0.471565,,{'list_objects': 0.47154712677001953}
518,15.056,1312339154,user_group-1,1.370732,,{'create': 1.3707230091094971}
519,15.111,1312339154,user_group-1,1.429940,,{'create': 1.4299299716949463}
520,15.162,1312339154,user_group-1,1.289054,,{'create': 1.2890429496765137}
521,15.164,1312339154,user_group-1,1.693620,,{'create': 1.693615198135376}
522,15.165,1312339154,user_group-1,1.362410,,{'create': 1.3624029159545898}
523,15.176,1312339154,user_group-2,0.266685,,{'list_objects': 0.2666780948638916}
524,15.209,1312339154,user_group-2,0.295036,,{'list_objects': 0.29502511024475098}
525,15.213,1312339154,user_group-2,0.317116,,{'list_objects': 0.31710910797119141}
526,15.215,1312339154,user_group-2,0.305348,,{'list_objects': 0.3053429126739502}
527,15.217,1312339154,user_group-2,0.319286,,{'list_objects': 0.31928086280822754}
528,15.220,1312339154,user_group-2,0.302576,,{'list_objects': 0.30256891250610352}
529,15.221,1312339154,user_group-2,0.306206,,{'list_objects': 0.3061988353729248}
530,15.258,1312339154,user_group-2,0.350711,,{'list_objects': 0.35070204734802246}
531,15.304,1312339154,user_group-2,0.313857,,{'list_objects': 0.31383991241455078}
532,15.307,1312339154,user_group-2,0.314059,,{'list_objects': 0.31405210494995117}
533,15.417,1312339154,user_group-2,0.199671,,{'list_objects': 0.1996619701385498}
534,15.423,1312339154,user_group-2,0.207898,,{'list_objects': 0.20789194107055664}
535,15.426,1312339154,user_group-2,0.205994,,{'list_objects': 0.20598697662353516}
536,15.429,1312339154,user_group-2,0.222284,,{'list_objects': 0.22226810455322266}
537,15.283,1312339154,user_group-1,1.448093,,{'create': 1.4480819702148438}
538,15.433,1312339154,user_group-1,1.600349,,{'create': 1.6003379821777344}
539,15.470,1312339154,user_group-2,0.257366,,{'list_objects': 0.25735688209533691}
540,15.495,1312339154,user_group-2,0.273140,,{'list_objects': 0.27312994003295898}
541,15.505,1312339154,user_group-2,0.295007,,{'list_objects': 0.29499578475952148}
542,15.524,1312339154,user_group-2,0.265516,,{'list_objects': 0.26550602912902832}
543,15.539,1312339154,user_group-2,0.231292,,{'list_objects': 0.23128294944763184}
544,15.575,1312339154,user_group-1,1.734700,,{'create': 1.7346880435943604}
545,15.641,1312339154,user_group-2,0.337017,,{'list_objects': 0.33700799942016602}
546,15.732,1312339154,user_group-2,0.305660,,{'list_objects': 0.30565094947814941}
547,15.763,1312339154,user_group-2,0.333642,,{'list_objects': 0.3336329460144043}
548,15.764,1312339154,user_group-2,0.259758,,{'list_objects': 0.2597498893737793}
549,15.767,1312339154,user_group-2,0.297090,,{'list_objects': 0.29708218574523926}
550,15.772,1312339154,user_group-2,0.354964,,{'list_objects': 0.35495615005493164}
551,15.705,1312339154,user_group-1,1.854439,,{'create': 1.8544261455535889}
552,15.835,1312339154,user_group-2,0.412277,,{'list_objects': 0.41226601600646973}
553,15.857,1312339154,user_group-2,0.332506,,{'list_objects': 0.33249783515930176}
554,15.859,1312339154,user_group-2,0.363473,,{'list_objects': 0.3634641170501709}
555,15.924,1312339154,user_group-2,0.385230,,{'list_objects': 0.38522005081176758}
556,16.044,1312339155,user_group-2,0.402528,,{'list_objects': 0.40244793891906738}
557,16.225,1312339155,user_group-2,0.460270,,{'list_objects': 0.46026206016540527}
558,16.227,1312339155,user_group-2,0.454592,,{'list_objects': 0.45458698272705078}
559,16.229,1312339155,user_group-2,0.461266,,{'list_objects': 0.4612579345703125}
560,16.231,1312339155,user_group-2,0.467871,,{'list_objects': 0.46786403656005859}
561,16.234,1312339155,user_group-2,0.482430,,{'list_objects': 0.48241400718688965}
562,16.332,1312339155,user_group-2,0.478176,,{'list_objects': 0.47211599349975586}
563,16.348,1312339155,user_group-2,0.417265,,{'list_objects': 0.4172520637512207}
564,16.359,1312339155,user_group-2,0.500474,,{'list_objects': 0.50046610832214355}
565,16.388,1312339155,user_group-2,0.530731,,{'list_objects': 0.53071999549865723}
566,16.529,1312339155,user_group-2,0.298365,,{'list_objects': 0.29835605621337891}
567,16.531,1312339155,user_group-2,0.297555,,{'list_objects': 0.29754900932312012}
568,16.532,1312339155,user_group-2,0.488666,,{'list_objects': 0.48866009712219238}
569,16.614,1312339155,user_group-2,0.386920,,{'list_objects': 0.38690996170043945}
570,16.636,1312339155,user_group-2,0.407331,,{'list_objects': 0.40732502937316895}
571,16.694,1312339155,user_group-1,1.637995,,{'create': 1.6379818916320801}
572,16.679,1312339155,user_group-2,0.332890,,{'list_objects': 0.33287286758422852}
573,16.711,1312339155,user_group-2,0.351742,,{'list_objects': 0.35173320770263672}
574,16.712,1312339155,user_group-2,0.363494,,{'list_objects': 0.36348891258239746}
575,16.728,1312339155,user_group-2,0.503392,,{'list_objects': 0.50338101387023926}
576,16.848,1312339155,user_group-2,0.415551,,{'list_objects': 0.41553497314453125}
577,16.881,1312339155,user_group-2,0.351609,,{'list_objects': 0.35159707069396973}
578,16.890,1312339155,user_group-2,0.358683,,{'list_objects': 0.35867691040039062}
579,16.949,1312339155,user_group-2,0.416691,,{'list_objects': 0.41668105125427246}
580,16.761,1312339155,user_group-1,1.477976,,{'create': 1.4779651165008545}
581,16.987,1312339155,user_group-2,0.353733,,{'list_objects': 0.35371208190917969}
582,17.003,1312339156,user_group-2,0.289353,,{'list_objects': 0.28934502601623535}
583,17.004,1312339156,user_group-2,0.367556,,{'list_objects': 0.36754894256591797}
584,17.026,1312339156,user_group-2,0.313871,,{'list_objects': 0.31378293037414551}
585,17.042,1312339156,user_group-2,0.313707,,{'list_objects': 0.31369614601135254}
586,17.045,1312339156,user_group-2,0.332132,,{'list_objects': 0.33212590217590332}
587,17.127,1312339156,user_group-2,0.261723,,{'list_objects': 0.26170492172241211}
588,17.186,1312339156,user_group-2,0.298455,,{'list_objects': 0.29843497276306152}
589,17.204,1312339156,user_group-2,0.243464,,{'list_objects': 0.24344706535339355}
590,17.215,1312339156,user_group-2,0.324786,,{'list_objects': 0.32477807998657227}
591,17.236,1312339156,user_group-2,0.231932,,{'list_objects': 0.23192286491394043}
592,17.240,1312339156,user_group-2,0.214234,,{'list_objects': 0.21422505378723145}
593,17.248,1312339156,user_group-2,0.202800,,{'list_objects': 0.20279097557067871}
594,17.258,1312339156,user_group-2,0.260728,,{'list_objects': 0.26070904731750488}
595,17.292,1312339156,user_group-2,0.249829,,{'list_objects': 0.24981808662414551}
596,16.972,1312339155,user_group-1,1.995317,,{'create': 1.9953069686889648}
597,16.974,1312339155,user_group-1,1.810029,,{'create': 1.8100240230560303}
598,17.084,1312339156,user_group-1,1.972979,,{'create': 1.9729700088500977}
599,17.133,1312339156,user_group-1,1.971010,,{'create': 1.970999002456665}
600,17.294,1312339156,user_group-1,2.129080,,{'create': 2.1290688514709473}
601,17.300,1312339156,user_group-1,1.724561,,{'create': 1.7245540618896484}
602,17.307,1312339156,user_group-1,1.873955,,{'create': 1.8739428520202637}
603,17.310,1312339156,user_group-1,1.604781,,{'create': 1.604773998260498}
604,17.340,1312339156,user_group-2,0.337142,,{'list_objects': 0.33713197708129883}
605,17.495,1312339156,user_group-2,0.279755,,{'list_objects': 0.27974796295166016}
606,17.497,1312339156,user_group-2,0.310355,,{'list_objects': 0.3103489875793457}
607,17.497,1312339156,user_group-2,0.292702,,{'list_objects': 0.292694091796875}
608,17.489,1312339156,user_group-2,0.361473,,{'list_objects': 0.36145401000976562}
609,17.509,1312339156,user_group-2,0.268719,,{'list_objects': 0.2687079906463623}
610,17.515,1312339156,user_group-2,0.278630,,{'list_objects': 0.27862000465393066}
611,17.585,1312339156,user_group-2,0.293021,,{'list_objects': 0.29301285743713379}
612,17.601,1312339156,user_group-2,0.342561,,{'list_objects': 0.34255003929138184}
613,17.601,1312339156,user_group-2,0.353365,,{'list_objects': 0.35335612297058105}
614,17.630,1312339156,user_group-2,0.289801,,{'list_objects': 0.28979086875915527}
615,17.831,1312339156,user_group-2,0.333989,,{'list_objects': 0.33398103713989258}
616,18.072,1312339157,user_group-2,0.471053,,{'list_objects': 0.47104597091674805}
617,18.094,1312339157,user_group-2,0.594005,,{'list_objects': 0.59399604797363281}
618,18.096,1312339157,user_group-2,0.466084,,{'list_objects': 0.46607589721679688}
619,18.099,1312339157,user_group-2,0.501311,,{'list_objects': 0.50129485130310059}
620,18.102,1312339157,user_group-2,0.592333,,{'list_objects': 0.59232616424560547}
621,18.156,1312339157,user_group-2,0.661048,,{'list_objects': 0.66103696823120117}
622,18.158,1312339157,user_group-2,0.556546,,{'list_objects': 0.55654096603393555}
623,18.165,1312339157,user_group-2,0.668250,,{'list_objects': 0.6682429313659668}
624,18.246,1312339157,user_group-2,0.730976,,{'list_objects': 0.73096680641174316}
625,18.372,1312339157,user_group-2,0.509217,,{'list_objects': 0.50907206535339355}
626,18.409,1312339157,user_group-2,0.252518,,{'list_objects': 0.25250816345214844}
627,18.414,1312339157,user_group-2,0.322479,,{'list_objects': 0.32246279716491699}
628,18.417,1312339157,user_group-2,0.322985,,{'list_objects': 0.32297897338867188}
629,18.423,1312339157,user_group-2,0.258570,,{'list_objects': 0.25856208801269531}
630,18.447,1312339157,user_group-2,0.347714,,{'list_objects': 0.34770393371582031}
631,18.453,1312339157,user_group-2,0.294549,,{'list_objects': 0.2945399284362793}
632,18.482,1312339157,user_group-2,0.380115,,{'list_objects': 0.38010597229003906}
633,18.499,1312339157,user_group-2,0.402612,,{'list_objects': 0.40260410308837891}
634,18.548,1312339157,user_group-1,1.787479,,{'create': 1.7874650955200195}
635,18.607,1312339157,user_group-1,1.633222,,{'create': 1.6332101821899414}
636,18.678,1312339157,user_group-2,0.417971,,{'list_objects': 0.4179530143737793}
637,18.729,1312339157,user_group-2,0.315150,,{'list_objects': 0.31514215469360352}
638,18.731,1312339157,user_group-2,0.322038,,{'list_objects': 0.32203102111816406}
639,18.733,1312339157,user_group-2,0.309827,,{'list_objects': 0.30982017517089844}
640,18.736,1312339157,user_group-2,0.288890,,{'list_objects': 0.28888392448425293}
641,18.738,1312339157,user_group-2,0.321789,,{'list_objects': 0.32178401947021484}
642,18.752,1312339157,user_group-2,0.299441,,{'list_objects': 0.29937005043029785}
643,18.776,1312339157,user_group-2,0.403960,,{'list_objects': 0.40385103225708008}
644,18.855,1312339157,user_group-2,0.372953,,{'list_objects': 0.37294507026672363}
645,18.820,1312339157,user_group-1,1.687234,,{'create': 1.6872210502624512}
646,18.822,1312339157,user_group-1,2.127675,,{'create': 2.127669095993042}
647,18.825,1312339157,user_group-1,1.525068,,{'create': 1.525062084197998}
648,18.827,1312339157,user_group-1,1.516657,,{'create': 1.5166518688201904}
649,18.836,1312339157,user_group-1,1.541891,,{'create': 1.5418839454650879}
650,18.868,1312339157,user_group-1,1.896720,,{'create': 1.8967130184173584}
651,18.870,1312339157,user_group-1,1.562149,,{'create': 1.5621440410614014}
652,18.874,1312339157,user_group-1,1.789130,,{'create': 1.7891240119934082}
653,18.923,1312339157,user_group-2,0.401780,,{'list_objects': 0.40176701545715332}
654,18.966,1312339157,user_group-2,0.230670,,{'list_objects': 0.23066186904907227}
655,18.970,1312339157,user_group-2,0.237055,,{'list_objects': 0.23704910278320312}
656,18.978,1312339157,user_group-2,0.239188,,{'list_objects': 0.2391810417175293}
657,18.990,1312339157,user_group-2,0.259288,,{'list_objects': 0.25927996635437012}
658,19.012,1312339158,user_group-2,0.283430,,{'list_objects': 0.28342103958129883}
659,19.022,1312339158,user_group-2,0.276287,,{'list_objects': 0.27626705169677734}
660,19.042,1312339158,user_group-2,0.289327,,{'list_objects': 0.28931903839111328}
661,19.052,1312339158,user_group-2,0.276024,,{'list_objects': 0.27601480484008789}
662,19.158,1312339158,user_group-2,0.301721,,{'list_objects': 0.30171012878417969}
663,19.247,1312339158,user_group-2,0.323576,,{'list_objects': 0.32356810569763184}
664,19.270,1312339158,user_group-2,0.292592,,{'list_objects': 0.29252409934997559}
665,19.274,1312339158,user_group-2,0.283751,,{'list_objects': 0.28374600410461426}
666,19.277,1312339158,user_group-2,0.254233,,{'list_objects': 0.2542269229888916}
667,19.278,1312339158,user_group-2,0.265467,,{'list_objects': 0.26546096801757812}
668,19.280,1312339158,user_group-2,0.309012,,{'list_objects': 0.3090059757232666}
669,19.281,1312339158,user_group-2,0.314135,,{'list_objects': 0.31412792205810547}
670,19.422,1312339158,user_group-2,0.380475,,{'list_objects': 0.38046598434448242}
671,19.424,1312339158,user_group-2,0.371638,,{'list_objects': 0.37163305282592773}
672,19.705,1312339158,user_group-2,0.423907,,{'list_objects': 0.42389893531799316}
673,19.745,1312339158,user_group-2,0.467412,,{'list_objects': 0.46740508079528809}
674,19.749,1312339158,user_group-2,0.472264,,{'list_objects': 0.47225785255432129}
675,19.753,1312339158,user_group-2,0.594547,,{'list_objects': 0.59454083442687988}
676,19.754,1312339158,user_group-2,0.474263,,{'list_objects': 0.4742581844329834}
677,19.755,1312339158,user_group-2,0.480867,,{'list_objects': 0.48086214065551758}
678,19.785,1312339158,user_group-2,0.518346,,{'list_objects': 0.51832890510559082}
679,19.933,1312339158,user_group-2,0.508694,,{'list_objects': 0.50868511199951172}
680,19.983,1312339158,user_group-2,0.560505,,{'list_objects': 0.56049704551696777}
681,19.985,1312339158,user_group-2,0.714290,,{'list_objects': 0.71428298950195312}
682,20.073,1312339159,user_group-2,0.317792,,{'list_objects': 0.31778407096862793}
683,20.116,1312339159,user_group-2,0.373187,,{'list_objects': 0.37317109107971191}
684,20.118,1312339159,user_group-2,0.369112,,{'list_objects': 0.36910605430603027}
685,20.121,1312339159,user_group-2,0.368055,,{'list_objects': 0.36804986000061035}
686,20.122,1312339159,user_group-2,0.368488,,{'list_objects': 0.36848306655883789}
687,20.230,1312339159,user_group-2,0.439786,,{'list_objects': 0.4397730827331543}
688,20.326,1312339159,user_group-2,0.343033,,{'list_objects': 0.34302282333374023}
689,20.403,1312339159,user_group-2,0.417791,,{'list_objects': 0.41778182983398438}
690,20.404,1312339159,user_group-2,0.658266,,{'list_objects': 0.65825986862182617}
691,20.409,1312339159,user_group-2,0.429371,,{'list_objects': 0.42339491844177246}
692,20.432,1312339159,user_group-1,1.883279,,{'create': 1.8832662105560303}
693,20.444,1312339159,user_group-2,0.326145,,{'list_objects': 0.32613492012023926}
694,20.470,1312339159,user_group-2,0.353400,,{'list_objects': 0.35338902473449707}
695,20.494,1312339159,user_group-2,0.372554,,{'list_objects': 0.37254595756530762}
696,20.511,1312339159,user_group-2,0.400229,,{'list_objects': 0.38839387893676758}
697,20.513,1312339159,user_group-2,0.391023,,{'list_objects': 0.39101696014404297}
698,20.575,1312339159,user_group-2,0.345518,,{'list_objects': 0.34550809860229492}
699,20.662,1312339159,user_group-2,0.335570,,{'list_objects': 0.33555984497070312}
700,20.670,1312339159,user_group-2,0.266511,,{'list_objects': 0.26650190353393555}
701,20.692,1312339159,user_group-2,0.282764,,{'list_objects': 0.28275489807128906}
702,20.707,1312339159,user_group-2,0.237235,,{'list_objects': 0.23722505569458008}
703,20.716,1312339159,user_group-2,0.245622,,{'list_objects': 0.24561309814453125}
704,20.739,1312339159,user_group-2,0.225294,,{'list_objects': 0.22528600692749023}
705,20.745,1312339159,user_group-2,0.342085,,{'list_objects': 0.34207487106323242}
706,20.762,1312339159,user_group-2,0.254190,,{'list_objects': 0.25417113304138184}
707,20.774,1312339159,user_group-2,0.262698,,{'list_objects': 0.26269102096557617}
708,20.779,1312339159,user_group-2,0.199856,,{'list_objects': 0.19984197616577148}
709,20.857,1312339159,user_group-2,0.195370,,{'list_objects': 0.19536089897155762}
710,20.544,1312339159,user_group-1,1.937205,,{'create': 1.9371938705444336}
711,20.547,1312339159,user_group-1,1.673147,,{'create': 1.6731421947479248}
712,20.549,1312339159,user_group-1,1.727201,,{'create': 1.7271950244903564}
713,20.815,1312339159,user_group-1,1.945079,,{'create': 1.9450669288635254}
714,20.860,1312339159,user_group-1,2.039982,,{'create': 2.0399720668792725}
715,20.868,1312339159,user_group-1,2.041303,,{'create': 2.0412940979003906}
716,20.874,1312339159,user_group-1,2.005615,,{'create': 2.005608081817627}
717,20.876,1312339159,user_group-1,2.039820,,{'create': 2.0398139953613281}
718,20.880,1312339159,user_group-1,2.054827,,{'create': 2.0548219680786133}
719,20.924,1312339159,user_group-2,0.253368,,{'list_objects': 0.25329804420471191}
720,20.939,1312339159,user_group-2,0.222298,,{'list_objects': 0.22228813171386719}
721,20.956,1312339159,user_group-2,0.248683,,{'list_objects': 0.2486729621887207}
722,20.977,1312339159,user_group-2,0.232353,,{'list_objects': 0.23234295845031738}
723,20.986,1312339159,user_group-2,0.294046,,{'list_objects': 0.2940361499786377}
724,21.001,1312339159,user_group-2,0.262282,,{'list_objects': 0.26227092742919922}
725,21.008,1312339160,user_group-2,0.234074,,{'list_objects': 0.23406386375427246}
726,21.037,1312339160,user_group-2,0.257709,,{'list_objects': 0.25769805908203125}
727,21.052,1312339160,user_group-2,0.289703,,{'list_objects': 0.28969097137451172}
728,21.244,1312339160,user_group-2,0.266279,,{'list_objects': 0.26626801490783691}
729,21.249,1312339160,user_group-2,0.324618,,{'list_objects': 0.32460594177246094}
730,21.269,1312339160,user_group-2,0.330265,,{'list_objects': 0.33025503158569336}
731,21.279,1312339160,user_group-2,0.269783,,{'list_objects': 0.2697751522064209}
732,21.276,1312339160,user_group-2,0.274801,,{'list_objects': 0.27479195594787598}
733,21.288,1312339160,user_group-2,0.430509,,{'list_objects': 0.43050193786621094}
734,21.291,1312339160,user_group-2,0.239020,,{'list_objects': 0.23901200294494629}
735,21.296,1312339160,user_group-2,0.340346,,{'list_objects': 0.34033703804016113}
736,21.307,1312339160,user_group-2,0.269830,,{'list_objects': 0.26981997489929199}
737,21.331,1312339160,user_group-2,0.345086,,{'list_objects': 0.3450770378112793}
738,21.426,1312339160,user_group-2,0.176913,,{'list_objects': 0.17690300941467285}
739,21.462,1312339160,user_group-2,0.181400,,{'list_objects': 0.18139004707336426}
740,21.515,1312339160,user_group-2,0.235121,,{'list_objects': 0.23511004447937012}
741,21.523,1312339160,user_group-2,0.231005,,{'list_objects': 0.2309410572052002}
742,21.543,1312339160,user_group-2,0.254758,,{'list_objects': 0.2547309398651123}
743,21.551,1312339160,user_group-2,0.265938,,{'list_objects': 0.26592779159545898}
744,21.556,1312339160,user_group-2,0.311852,,{'list_objects': 0.31184196472167969}
745,21.565,1312339160,user_group-2,0.232833,,{'list_objects': 0.23282194137573242}
746,21.584,1312339160,user_group-2,0.271008,,{'list_objects': 0.27098798751831055}
747,21.603,1312339160,user_group-2,0.305946,,{'list_objects': 0.30593395233154297}
748,21.651,1312339160,user_group-2,0.188991,,{'list_objects': 0.18898200988769531}
749,21.687,1312339160,user_group-2,0.261234,,{'list_objects': 0.26122498512268066}
750,21.725,1312339160,user_group-2,0.202607,,{'list_objects': 0.20259690284729004}
751,21.729,1312339160,user_group-2,0.212879,,{'list_objects': 0.21287178993225098}
752,21.733,1312339160,user_group-2,0.189974,,{'list_objects': 0.18996596336364746}
753,21.793,1312339160,user_group-2,0.208477,,{'list_objects': 0.20846700668334961}
754,21.800,1312339160,user_group-2,0.244068,,{'list_objects': 0.24405908584594727}
755,21.803,1312339160,user_group-2,0.252513,,{'list_objects': 0.25250601768493652}
756,21.830,1312339160,user_group-2,0.227467,,{'list_objects': 0.22745680809020996}
757,21.849,1312339160,user_group-2,0.283356,,{'list_objects': 0.28334784507751465}
758,21.873,1312339160,user_group-2,0.221507,,{'list_objects': 0.22149896621704102}
759,21.909,1312339160,user_group-2,0.221787,,{'list_objects': 0.22177791595458984}
760,21.955,1312339160,user_group-2,0.226759,,{'list_objects': 0.22675085067749023}
761,21.961,1312339160,user_group-2,0.235886,,{'list_objects': 0.23587799072265625}
762,21.964,1312339160,user_group-2,0.231301,,{'list_objects': 0.23129510879516602}
763,21.981,1312339160,user_group-2,0.177194,,{'list_objects': 0.17718601226806641}
764,22.019,1312339161,user_group-2,0.218803,,{'list_objects': 0.21879482269287109}
765,22.038,1312339161,user_group-2,0.244196,,{'list_objects': 0.2441861629486084}
766,22.076,1312339161,user_group-2,0.245259,,{'list_objects': 0.24524998664855957}
767,22.123,1312339161,user_group-2,0.214428,,{'list_objects': 0.21441888809204102}
768,22.136,1312339161,user_group-2,0.262927,,{'list_objects': 0.26291799545288086}
769,22.149,1312339161,user_group-2,0.187220,,{'list_objects': 0.18715310096740723}
770,22.153,1312339161,user_group-2,0.197014,,{'list_objects': 0.19700789451599121}
771,22.161,1312339161,user_group-2,0.196093,,{'list_objects': 0.19608497619628906}
772,22.221,1312339161,user_group-2,0.239688,,{'list_objects': 0.23967695236206055}
773,22.249,1312339161,user_group-2,0.399798,,{'list_objects': 0.39978909492492676}
774,22.256,1312339161,user_group-2,0.236351,,{'list_objects': 0.23634099960327148}
775,22.268,1312339161,user_group-2,0.222121,,{'list_objects': 0.22210693359375}
776,22.312,1312339161,user_group-2,0.236612,,{'list_objects': 0.2366030216217041}
777,22.341,1312339161,user_group-2,0.217166,,{'list_objects': 0.21715807914733887}
778,22.368,1312339161,user_group-2,0.232040,,{'list_objects': 0.23202991485595703}
779,22.396,1312339161,user_group-2,0.235273,,{'list_objects': 0.23526406288146973}
780,22.399,1312339161,user_group-2,0.249988,,{'list_objects': 0.24997997283935547}
781,22.411,1312339161,user_group-2,0.258094,,{'list_objects': 0.25808501243591309}
782,22.432,1312339161,user_group-2,0.210904,,{'list_objects': 0.21089482307434082}
783,22.456,1312339161,user_group-2,0.207324,,{'list_objects': 0.20731306076049805}
784,22.467,1312339161,user_group-2,0.210336,,{'list_objects': 0.21032500267028809}
785,22.489,1312339161,user_group-2,0.220064,,{'list_objects': 0.22005414962768555}
786,22.564,1312339161,user_group-2,0.241247,,{'list_objects': 0.2410590648651123}
787,22.574,1312339161,user_group-2,0.174941,,{'list_objects': 0.17493200302124023}
788,22.591,1312339161,user_group-2,0.250227,,{'list_objects': 0.25021910667419434}
789,22.598,1312339161,user_group-2,0.186784,,{'list_objects': 0.18677401542663574}
790,22.616,1312339161,user_group-2,0.219613,,{'list_objects': 0.21960592269897461}
791,22.621,1312339161,user_group-2,0.227515,,{'list_objects': 0.22749805450439453}
792,22.674,1312339161,user_group-2,0.242529,,{'list_objects': 0.24252009391784668}
793,22.702,1312339161,user_group-2,0.245722,,{'list_objects': 0.2457120418548584}
794,22.710,1312339161,user_group-2,0.243341,,{'list_objects': 0.24333000183105469}
795,22.755,1312339161,user_group-2,0.266708,,{'list_objects': 0.26669788360595703}
796,22.747,1312339161,user_group-1,2.198169,,{'create': 2.19815993309021}
797,22.833,1312339161,user_group-2,0.258934,,{'list_objects': 0.25892496109008789}
798,22.843,1312339161,user_group-2,0.279106,,{'list_objects': 0.27909684181213379}
799,22.895,1312339161,user_group-2,0.296420,,{'list_objects': 0.29641008377075195}
800,22.944,1312339161,user_group-2,0.328830,,{'list_objects': 0.32882094383239746}
801,22.948,1312339161,user_group-2,0.357062,,{'list_objects': 0.3570561408996582}
802,22.950,1312339161,user_group-2,0.328672,,{'list_objects': 0.32866501808166504}
803,22.982,1312339161,user_group-2,0.307651,,{'list_objects': 0.30764222145080566}
804,23.062,1312339162,user_group-2,0.351387,,{'list_objects': 0.35137796401977539}
805,23.087,1312339162,user_group-2,0.332001,,{'list_objects': 0.33199310302734375}
806,23.090,1312339162,user_group-2,0.387378,,{'list_objects': 0.38737201690673828}
807,23.181,1312339162,user_group-2,0.347691,,{'list_objects': 0.34768009185791016}
808,23.243,1312339162,user_group-2,0.399304,,{'list_objects': 0.39929413795471191}
809,23.298,1312339162,user_group-2,0.403097,,{'list_objects': 0.40308713912963867}
810,23.330,1312339162,user_group-2,0.380056,,{'list_objects': 0.38004899024963379}
811,23.340,1312339162,user_group-2,0.392206,,{'list_objects': 0.3921961784362793}
812,23.421,1312339162,user_group-2,0.476657,,{'list_objects': 0.42686676979064941}
813,23.441,1312339162,user_group-2,0.357550,,{'list_objects': 0.35753393173217773}
814,23.443,1312339162,user_group-2,0.460840,,{'list_objects': 0.46083211898803711}
815,23.471,1312339162,user_group-2,0.383125,,{'list_objects': 0.38311481475830078}
816,23.502,1312339162,user_group-2,0.411835,,{'list_objects': 0.41182684898376465}
817,23.565,1312339162,user_group-2,0.321234,,{'list_objects': 0.32122302055358887}
818,23.585,1312339162,user_group-2,0.389058,,{'list_objects': 0.38903999328613281}
819,23.684,1312339162,user_group-2,0.353753,,{'list_objects': 0.35374212265014648}
820,23.703,1312339162,user_group-1,2.834681,,{'create': 2.8346710205078125}
821,23.712,1312339162,user_group-2,0.352938,,{'list_objects': 0.35291886329650879}
822,23.752,1312339162,user_group-2,0.308584,,{'list_objects': 0.30857610702514648}
823,23.770,1312339162,user_group-2,0.328950,,{'list_objects': 0.32894301414489746}
824,23.775,1312339162,user_group-2,0.336787,,{'list_objects': 0.33677005767822266}
825,23.797,1312339162,user_group-2,0.470087,,{'list_objects': 0.47006916999816895}
826,23.859,1312339162,user_group-2,0.376086,,{'list_objects': 0.37606906890869141}
827,23.874,1312339162,user_group-1,3.329768,,{'create': 3.3297569751739502}
828,23.943,1312339162,user_group-2,0.357135,,{'list_objects': 0.35712695121765137}
829,23.967,1312339162,user_group-2,0.383680,,{'list_objects': 0.38366317749023438}
830,23.970,1312339162,user_group-2,0.467806,,{'list_objects': 0.46779894828796387}
831,24.006,1312339163,user_group-2,0.293421,,{'list_objects': 0.29340982437133789}
832,24.017,1312339163,user_group-2,0.333179,,{'list_objects': 0.33317017555236816}
833,24.028,1312339163,user_group-1,3.595858,,{'create': 3.5958459377288818}
834,24.030,1312339163,user_group-1,3.483014,,{'create': 3.4830081462860107}
835,24.032,1312339163,user_group-1,3.155984,,{'create': 3.1559779644012451}
836,24.034,1312339163,user_group-1,3.159491,,{'create': 3.1594858169555664}
837,24.106,1312339163,user_group-2,0.309001,,{'list_objects': 0.3089909553527832}
838,24.111,1312339163,user_group-2,0.341325,,{'list_objects': 0.34131717681884766}
839,24.148,1312339163,user_group-2,0.372337,,{'list_objects': 0.37232613563537598}
840,24.158,1312339163,user_group-2,0.299188,,{'list_objects': 0.29917693138122559}
841,24.065,1312339163,user_group-1,3.204407,,{'create': 3.2043960094451904}
842,24.173,1312339163,user_group-2,0.405467,,{'list_objects': 0.40544795989990234}
843,24.231,1312339163,user_group-2,0.266720,,{'list_objects': 0.26670193672180176}
844,24.237,1312339163,user_group-2,0.266942,,{'list_objects': 0.26693415641784668}
845,24.240,1312339163,user_group-2,0.273070,,{'list_objects': 0.27306485176086426}
846,24.308,1312339163,user_group-2,0.297399,,{'list_objects': 0.29738593101501465}
847,24.323,1312339163,user_group-2,0.306175,,{'list_objects': 0.30616497993469238}
848,24.354,1312339163,user_group-2,0.247845,,{'list_objects': 0.24783492088317871}
849,24.372,1312339163,user_group-2,0.260410,,{'list_objects': 0.26040220260620117}
850,24.377,1312339163,user_group-2,0.229435,,{'list_objects': 0.22942709922790527}
851,24.403,1312339163,user_group-2,0.245091,,{'list_objects': 0.24508094787597656}
852,24.433,1312339163,user_group-2,0.259717,,{'list_objects': 0.25970697402954102}
853,24.459,1312339163,user_group-2,0.218798,,{'list_objects': 0.21879005432128906}
854,24.485,1312339163,user_group-2,0.248314,,{'list_objects': 0.24830508232116699}
855,24.491,1312339163,user_group-2,0.260146,,{'list_objects': 0.26006698608398438}
856,24.541,1312339163,user_group-2,0.163784,,{'list_objects': 0.16377401351928711}
857,24.544,1312339163,user_group-2,0.221082,,{'list_objects': 0.22107481956481934}
858,24.559,1312339163,user_group-2,0.250462,,{'list_objects': 0.25037884712219238}
859,24.579,1312339163,user_group-2,0.224783,,{'list_objects': 0.22477316856384277}
860,24.340,1312339163,user_group-1,3.525165,,{'create': 3.5251529216766357}
861,24.551,1312339163,user_group-1,1.803759,,{'create': 1.8037471771240234}
862,24.618,1312339163,user_group-1,3.738794,,{'create': 3.738785982131958}
863,24.662,1312339163,user_group-2,0.289891,,{'list_objects': 0.28988099098205566}
864,24.691,1312339163,user_group-2,0.260749,,{'list_objects': 0.26072907447814941}
865,24.718,1312339163,user_group-2,0.285306,,{'list_objects': 0.28529715538024902}
866,24.721,1312339163,user_group-2,0.262665,,{'list_objects': 0.26265811920166016}
867,24.786,1312339163,user_group-2,0.295286,,{'list_objects': 0.29527711868286133}
868,24.893,1312339163,user_group-2,0.348540,,{'list_objects': 0.34853100776672363}
869,24.936,1312339163,user_group-2,0.394073,,{'list_objects': 0.39406490325927734}
870,24.938,1312339163,user_group-2,0.358634,,{'list_objects': 0.3586280345916748}
871,24.940,1312339163,user_group-2,0.455312,,{'list_objects': 0.4553070068359375}
872,25.043,1312339164,user_group-2,0.324719,,{'list_objects': 0.32470798492431641}
873,25.048,1312339164,user_group-2,0.357140,,{'list_objects': 0.35706520080566406}
874,25.093,1312339164,user_group-2,0.524430,,{'list_objects': 0.52441692352294922}
875,25.113,1312339164,user_group-2,0.450752,,{'list_objects': 0.45074081420898438}
876,25.131,1312339164,user_group-2,0.410003,,{'list_objects': 0.40999197959899902}
877,25.356,1312339164,user_group-2,0.262244,,{'list_objects': 0.26223397254943848}
878,25.373,1312339164,user_group-2,0.437874,,{'list_objects': 0.43786907196044922}
879,25.377,1312339164,user_group-2,0.436684,,{'list_objects': 0.43667984008789062}
880,25.375,1312339164,user_group-2,0.588865,,{'list_objects': 0.58885908126831055}
881,25.372,1312339164,user_group-2,0.323836,,{'list_objects': 0.32382798194885254}
882,25.378,1312339164,user_group-2,0.333585,,{'list_objects': 0.33357691764831543}
883,25.399,1312339164,user_group-2,0.465721,,{'list_objects': 0.46570301055908203}
884,25.445,1312339164,user_group-2,0.506671,,{'list_objects': 0.50666284561157227}
885,25.447,1312339164,user_group-2,0.315574,,{'list_objects': 0.31556797027587891}
886,25.502,1312339164,user_group-2,0.388641,,{'list_objects': 0.38862991333007812}
887,25.725,1312339164,user_group-2,0.342811,,{'list_objects': 0.34280109405517578}
888,25.749,1312339164,user_group-2,0.370013,,{'list_objects': 0.37000298500061035}
889,25.752,1312339164,user_group-2,0.304927,,{'list_objects': 0.30491995811462402}
890,25.754,1312339164,user_group-2,0.372330,,{'list_objects': 0.37232518196105957}
891,25.756,1312339164,user_group-2,0.375796,,{'list_objects': 0.37579107284545898}
892,25.757,1312339164,user_group-2,0.376542,,{'list_objects': 0.37653589248657227}
893,25.760,1312339164,user_group-2,0.317023,,{'list_objects': 0.31700897216796875}
894,25.760,1312339164,user_group-2,0.380556,,{'list_objects': 0.38055109977722168}
895,25.957,1312339164,user_group-2,0.433566,,{'list_objects': 0.43354701995849609}
896,25.997,1312339164,user_group-2,0.235489,,{'list_objects': 0.23548221588134766}
897,26.000,1312339164,user_group-2,0.552212,,{'list_objects': 0.55220293998718262}
898,26.001,1312339164,user_group-2,0.238337,,{'list_objects': 0.23833107948303223}
899,26.039,1312339165,user_group-2,0.276638,,{'list_objects': 0.27662897109985352}
900,26.069,1312339165,user_group-2,0.307922,,{'list_objects': 0.30790901184082031}
901,26.072,1312339165,user_group-2,0.326083,,{'list_objects': 0.32606601715087891}
902,26.076,1312339165,user_group-2,0.314772,,{'list_objects': 0.31476211547851562}
903,26.111,1312339165,user_group-2,0.347570,,{'list_objects': 0.34755992889404297}
904,26.142,1312339165,user_group-2,0.381652,,{'list_objects': 0.38164401054382324}
905,26.218,1312339165,user_group-2,0.216383,,{'list_objects': 0.21637392044067383}
906,26.221,1312339165,user_group-2,0.229561,,{'list_objects': 0.22954511642456055}
907,26.232,1312339165,user_group-2,0.231700,,{'list_objects': 0.2316899299621582}
908,26.250,1312339165,user_group-2,0.252175,,{'list_objects': 0.2521660327911377}
909,26.309,1312339165,user_group-2,0.230648,,{'list_objects': 0.2306370735168457}
910,26.317,1312339165,user_group-2,0.238503,,{'list_objects': 0.238494873046875}
911,26.330,1312339165,user_group-2,0.254070,,{'list_objects': 0.25406193733215332}
912,26.281,1312339165,user_group-1,2.248906,,{'create': 2.2488939762115479}
913,26.375,1312339165,user_group-2,0.306420,,{'list_objects': 0.3064110279083252}
914,26.332,1312339165,user_group-1,2.297895,,{'create': 2.2978880405426025}
915,26.335,1312339165,user_group-1,1.994884,,{'create': 1.9948780536651611}
916,26.384,1312339165,user_group-1,1.765534,,{'create': 1.7655220031738281}
917,26.386,1312339165,user_group-1,2.321279,,{'create': 2.3212730884552002}
918,26.388,1312339165,user_group-1,2.358034,,{'create': 2.358029842376709}
919,26.390,1312339165,user_group-1,2.515673,,{'create': 2.5156660079956055}
920,26.392,1312339165,user_group-1,1.840898,,{'create': 1.8408920764923096}
921,26.401,1312339165,user_group-1,2.697930,,{'create': 2.6979219913482666}
922,26.402,1312339165,user_group-1,2.374356,,{'create': 2.3743510246276855}
923,26.424,1312339165,user_group-2,0.282012,,{'list_objects': 0.28200292587280273}
924,26.434,1312339165,user_group-2,0.322897,,{'list_objects': 0.32288694381713867}
925,26.516,1312339165,user_group-2,0.297974,,{'list_objects': 0.29796481132507324}
926,26.520,1312339165,user_group-2,0.298597,,{'list_objects': 0.29858899116516113}
927,26.570,1312339165,user_group-2,0.338001,,{'list_objects': 0.33799099922180176}
928,26.586,1312339165,user_group-2,0.335981,,{'list_objects': 0.33597111701965332}
929,26.602,1312339165,user_group-2,0.292340,,{'list_objects': 0.29233098030090332}
930,26.630,1312339165,user_group-2,0.300105,,{'list_objects': 0.30009579658508301}
931,26.641,1312339165,user_group-2,0.323683,,{'list_objects': 0.32367420196533203}
932,26.692,1312339165,user_group-2,0.316741,,{'list_objects': 0.31673216819763184}
933,26.758,1312339165,user_group-2,0.333842,,{'list_objects': 0.3338320255279541}
934,26.763,1312339165,user_group-2,0.328416,,{'list_objects': 0.32840609550476074}
935,26.905,1312339165,user_group-2,0.334968,,{'list_objects': 0.33495807647705078}
936,26.906,1312339165,user_group-2,0.386736,,{'list_objects': 0.38672900199890137}
937,26.927,1312339165,user_group-2,0.411142,,{'list_objects': 0.4111330509185791}
938,26.945,1312339165,user_group-2,0.359111,,{'list_objects': 0.35910511016845703}
939,27.052,1312339166,user_group-2,0.359899,,{'list_objects': 0.35988998413085938}
940,27.095,1312339166,user_group-2,0.493216,,{'list_objects': 0.49313902854919434}
941,27.097,1312339166,user_group-2,0.334330,,{'list_objects': 0.33432388305664062}
942,27.101,1312339166,user_group-2,0.470867,,{'list_objects': 0.47086000442504883}
943,27.103,1312339166,user_group-2,0.345091,,{'list_objects': 0.34508490562438965}
944,27.214,1312339166,user_group-2,0.572523,,{'list_objects': 0.57251405715942383}
945,27.281,1312339166,user_group-2,0.335679,,{'list_objects': 0.33566784858703613}
946,27.371,1312339166,user_group-2,0.465787,,{'list_objects': 0.46577596664428711}
947,27.373,1312339166,user_group-2,0.430788,,{'list_objects': 0.4307708740234375}
948,27.375,1312339166,user_group-2,0.468344,,{'list_objects': 0.4683380126953125}
949,27.437,1312339166,user_group-2,0.335754,,{'list_objects': 0.33574509620666504}
950,27.464,1312339166,user_group-2,0.359014,,{'list_objects': 0.35900282859802246}
951,27.466,1312339166,user_group-2,0.369148,,{'list_objects': 0.36914420127868652}
952,27.546,1312339166,user_group-2,0.493954,,{'list_objects': 0.49394392967224121}
953,27.651,1312339166,user_group-2,0.370171,,{'list_objects': 0.37016105651855469}
954,27.661,1312339166,user_group-2,0.434858,,{'list_objects': 0.43483996391296387}
955,27.666,1312339166,user_group-2,0.293175,,{'list_objects': 0.29316592216491699}
956,27.714,1312339166,user_group-2,0.339020,,{'list_objects': 0.33901214599609375}
957,27.744,1312339166,user_group-2,0.648606,,{'list_objects': 0.64859700202941895}
958,27.746,1312339166,user_group-2,0.374245,,{'list_objects': 0.37423896789550781}
959,27.773,1312339166,user_group-2,0.306642,,{'list_objects': 0.30663204193115234}
960,27.803,1312339166,user_group-2,0.335700,,{'list_objects': 0.3356928825378418}
961,27.805,1312339166,user_group-2,0.343729,,{'list_objects': 0.34371089935302734}
962,27.723,1312339166,user_group-1,1.337388,,{'create': 1.3373761177062988}
963,27.884,1312339166,user_group-1,1.483209,,{'create': 1.4831979274749756}
964,27.934,1312339166,user_group-2,0.316552,,{'list_objects': 0.31653308868408203}
965,27.994,1312339166,user_group-2,0.327094,,{'list_objects': 0.3270258903503418}
966,27.996,1312339166,user_group-2,0.344716,,{'list_objects': 0.34470915794372559}
967,27.997,1312339166,user_group-2,0.335588,,{'list_objects': 0.33557987213134766}
968,28.056,1312339167,user_group-2,0.250514,,{'list_objects': 0.2505040168762207}
969,28.102,1312339167,user_group-2,0.356375,,{'list_objects': 0.35636806488037109}
970,28.103,1312339167,user_group-2,0.359329,,{'list_objects': 0.35932302474975586}
971,28.105,1312339167,user_group-2,0.363938,,{'list_objects': 0.3639228343963623}
972,28.151,1312339167,user_group-2,0.348555,,{'list_objects': 0.34854817390441895}
973,28.171,1312339167,user_group-2,0.370971,,{'list_objects': 0.37093591690063477}
974,28.243,1312339167,user_group-2,0.309332,,{'list_objects': 0.30932092666625977}
975,28.316,1312339167,user_group-2,0.213167,,{'list_objects': 0.2131199836730957}
976,28.318,1312339167,user_group-2,0.212687,,{'list_objects': 0.21268105506896973}
977,28.319,1312339167,user_group-2,0.322435,,{'list_objects': 0.32242989540100098}
978,28.325,1312339167,user_group-2,0.328945,,{'list_objects': 0.32894015312194824}
979,28.331,1312339167,user_group-2,0.234163,,{'list_objects': 0.22422599792480469}
980,28.334,1312339167,user_group-2,0.231871,,{'list_objects': 0.23186397552490234}
981,27.959,1312339166,user_group-1,1.678316,,{'create': 1.67830491065979}
982,28.118,1312339167,user_group-1,1.782963,,{'create': 1.7829530239105225}
983,28.120,1312339167,user_group-1,1.728084,,{'create': 1.728079080581665}
984,28.122,1312339167,user_group-1,1.737661,,{'create': 1.7376561164855957}
985,28.130,1312339167,user_group-1,1.739884,,{'create': 1.7398769855499268}
986,28.355,1312339167,user_group-1,2.022998,,{'create': 2.022986888885498}
987,28.357,1312339167,user_group-1,1.954498,,{'create': 1.9544920921325684}
988,28.360,1312339167,user_group-1,1.972038,,{'create': 1.9720311164855957}
989,28.408,1312339167,user_group-2,0.414525,,{'list_objects': 0.41451501846313477}
990,28.420,1312339167,user_group-2,0.268834,,{'list_objects': 0.26882600784301758}
991,28.431,1312339167,user_group-2,0.258885,,{'list_objects': 0.25887584686279297}
992,28.606,1312339167,user_group-2,0.288486,,{'list_objects': 0.28847908973693848}
993,28.647,1312339167,user_group-2,0.315878,,{'list_objects': 0.31587100028991699}
994,28.649,1312339167,user_group-2,0.332220,,{'list_objects': 0.33221316337585449}
995,28.652,1312339167,user_group-2,0.408040,,{'list_objects': 0.40795397758483887}
996,28.664,1312339167,user_group-2,0.344491,,{'list_objects': 0.3444821834564209}
997,28.736,1312339167,user_group-2,0.406653,,{'list_objects': 0.40654492378234863}
998,28.759,1312339167,user_group-2,0.424527,,{'list_objects': 0.42451810836791992}
999,28.778,1312339167,user_group-2,0.346711,,{'list_objects': 0.34670400619506836}
1000,28.780,1312339167,user_group-2,0.359836,,{'list_objects': 0.35982918739318848}
1001,28.853,1312339167,user_group-2,0.444636,,{'list_objects': 0.4446258544921875}
1002,29.043,1312339168,user_group-2,0.394771,,{'list_objects': 0.39476108551025391}
1003,29.045,1312339168,user_group-2,0.368651,,{'list_objects': 0.36863803863525391}
1004,29.047,1312339168,user_group-2,0.435016,,{'list_objects': 0.43500494956970215}
1005,29.048,1312339168,user_group-2,0.401142,,{'list_objects': 0.40113592147827148}
1006,29.098,1312339168,user_group-2,0.318132,,{'list_objects': 0.31812405586242676}
1007,29.152,1312339168,user_group-2,0.500527,,{'list_objects': 0.50051689147949219}
1008,29.268,1312339168,user_group-2,0.530460,,{'list_objects': 0.53044986724853516}
1009,29.323,1312339168,user_group-2,0.548050,,{'list_objects': 0.5480349063873291}
1010,29.325,1312339168,user_group-2,0.546626,,{'list_objects': 0.54661917686462402}
1011,29.327,1312339168,user_group-2,0.470906,,{'list_objects': 0.47089505195617676}
1012,29.443,1312339168,user_group-2,0.395615,,{'list_objects': 0.39560699462890625}
1013,29.463,1312339168,user_group-2,0.419473,,{'list_objects': 0.41946291923522949}
1014,29.465,1312339168,user_group-2,0.419575,,{'list_objects': 0.41956806182861328}
1015,29.539,1312339168,user_group-2,0.492316,,{'list_objects': 0.49226689338684082}
1016,29.567,1312339168,user_group-2,0.414909,,{'list_objects': 0.41489911079406738}
1017,29.647,1312339168,user_group-2,0.319459,,{'list_objects': 0.31945109367370605}
1018,29.693,1312339168,user_group-2,0.368363,,{'list_objects': 0.36835598945617676}
1019,29.695,1312339168,user_group-2,0.371786,,{'list_objects': 0.3717799186706543}
1020,29.523,1312339168,user_group-1,1.564164,,{'create': 1.5641469955444336}
1021,29.704,1312339168,user_group-1,1.582385,,{'create': 1.5823760032653809}
1022,29.751,1312339168,user_group-2,0.649564,,{'list_objects': 0.6495511531829834}
1023,29.780,1312339168,user_group-2,0.459796,,{'list_objects': 0.45973396301269531}
1024,29.794,1312339168,user_group-2,0.350728,,{'list_objects': 0.35071706771850586}
1025,29.807,1312339168,user_group-2,0.343247,,{'list_objects': 0.34323811531066895}
1026,29.889,1312339168,user_group-2,0.424292,,{'list_objects': 0.42428302764892578}
1027,29.904,1312339168,user_group-2,0.364602,,{'list_objects': 0.3645927906036377}
1028,29.956,1312339168,user_group-2,0.389034,,{'list_objects': 0.38902497291564941}
1029,29.970,1312339168,user_group-2,0.322753,,{'list_objects': 0.32274389266967773}
1030,29.990,1312339168,user_group-2,0.295417,,{'list_objects': 0.29540896415710449}
1031,29.999,1312339168,user_group-2,0.305742,,{'list_objects': 0.30573391914367676}
1032,29.810,1312339168,user_group-1,1.679751,,{'create': 1.6797430515289307}
1033,29.813,1312339168,user_group-1,1.694483,,{'create': 1.6944780349731445}
1034,29.976,1312339168,user_group-1,1.856306,,{'create': 1.8562960624694824}
1035,30.025,1312339169,user_group-1,1.669742,,{'create': 1.6697309017181396}
1036,30.072,1312339169,user_group-2,0.291350,,{'list_objects': 0.29134106636047363}
1037,30.073,1312339169,user_group-2,0.321510,,{'list_objects': 0.3215022087097168}
1038,30.117,1312339169,user_group-2,0.212691,,{'list_objects': 0.21268200874328613}
1039,30.132,1312339169,user_group-2,0.325583,,{'list_objects': 0.32557296752929688}
1040,30.140,1312339169,user_group-2,0.249962,,{'list_objects': 0.2499539852142334}
1041,30.142,1312339169,user_group-1,2.418404,,{'create': 2.4183940887451172}
1042,30.150,1312339169,user_group-1,1.793150,,{'create': 1.7931430339813232}
1043,30.150,1312339169,user_group-1,1.790400,,{'create': 1.7903950214385986}
1044,30.151,1312339169,user_group-1,2.266890,,{'create': 2.2668850421905518}
1045,30.169,1312339169,user_group-2,0.374424,,{'list_objects': 0.37434506416320801}
1046,30.201,1312339169,user_group-2,0.243825,,{'list_objects': 0.24381518363952637}
1047,30.203,1312339169,user_group-2,0.233406,,{'list_objects': 0.23339986801147461}
1048,30.243,1312339169,user_group-2,0.244054,,{'list_objects': 0.24404597282409668}
1049,30.257,1312339169,user_group-2,0.266691,,{'list_objects': 0.26668190956115723}
1050,30.646,1312339169,user_group-1,0.670131,,{'create': 0.67011809349060059}
1051,30.667,1312339169,user_group-1,0.854365,,{'create': 0.85435605049133301}
1052,30.685,1312339169,user_group-1,0.874944,,{'create': 0.87493300437927246}
1053,30.686,1312339169,user_group-1,0.981638,,{'create': 0.98163199424743652}
1054,30.695,1312339169,user_group-1,1.171479,,{'create': 1.1714701652526855}
